date,shop,footfall,advertising_spend,events,sales
2024-11-29 20:57:49.254257,Clothing,826,3400,0,97026
2024-11-29 20:57:49.254257,Electronics,214,23554,0,49962
2024-11-29 20:57:49.254257,FoodCourt,1207,18318,0,113345
2024-11-29 20:57:49.254257,Shoes,596,40741,0,95225
2024-11-30 20:57:49.254255,Clothing,933,20246,0,130150
2024-11-30 20:57:49.254255,Electronics,288,46644,1,146048
2024-11-30 20:57:49.254255,FoodCourt,922,7772,0,107139
2024-11-30 20:57:49.254255,Shoes,897,11532,0,90933
2024-12-01 20:57:49.254254,Clothing,1130,32192,1,89694
2024-12-01 20:57:49.254254,Electronics,454,14264,0,24564
2024-12-01 20:57:49.254254,FoodCourt,1504,5224,0,157229
2024-12-01 20:57:49.254254,Shoes,442,8151,0,32616
2024-12-02 20:57:49.254252,Clothing,658,34840,1,151242
2024-12-02 20:57:49.254252,Electronics,417,44144,0,70358
2024-12-02 20:57:49.254252,FoodCourt,1016,12842,0,123015
2024-12-02 20:57:49.254252,Shoes,492,8957,0,76524
2024-12-03 20:57:49.254251,Clothing,630,35213,1,117509
2024-12-03 20:57:49.254251,Electronics,248,27865,0,97259
2024-12-03 20:57:49.254251,FoodCourt,1498,25673,0,119659
2024-12-03 20:57:49.254251,Shoes,887,23149,0,73749
2024-12-04 20:57:49.254249,Clothing,1114,10965,0,105876
2024-12-04 20:57:49.254249,Electronics,443,47447,0,125289
2024-12-04 20:57:49.254249,FoodCourt,1235,40925,0,177445
2024-12-04 20:57:49.254249,Shoes,491,44243,0,132625
2024-12-05 20:57:49.254247,Clothing,428,20387,1,75327
2024-12-05 20:57:49.254247,Electronics,305,24243,0,76579
2024-12-05 20:57:49.254247,FoodCourt,1621,23762,0,214131
2024-12-05 20:57:49.254247,Shoes,532,48442,0,101336
2024-12-06 20:57:49.254246,Clothing,605,15314,0,113079
2024-12-06 20:57:49.254246,Electronics,397,13927,0,64753
2024-12-06 20:57:49.254246,FoodCourt,1690,43602,0,226570
2024-12-06 20:57:49.254246,Shoes,726,31542,1,77585
2024-12-07 20:57:49.254244,Clothing,938,8306,1,85065
2024-12-07 20:57:49.254244,Electronics,343,10470,1,63541
2024-12-07 20:57:49.254244,FoodCourt,749,24795,0,94549
2024-12-07 20:57:49.254244,Shoes,414,26581,0,95988
2024-12-08 20:57:49.254242,Clothing,656,36083,0,163410
2024-12-08 20:57:49.254242,Electronics,275,17584,0,49287
2024-12-08 20:57:49.254242,FoodCourt,755,8716,0,70640
2024-12-08 20:57:49.254242,Shoes,618,30308,0,95147
2024-12-09 20:57:49.254241,Clothing,1002,37706,0,119156
2024-12-09 20:57:49.254241,Electronics,256,15269,0,55368
2024-12-09 20:57:49.254241,FoodCourt,1183,34165,0,186344
2024-12-09 20:57:49.254241,Shoes,417,2031,0,21121
2024-12-10 20:57:49.254239,Clothing,1018,25801,0,96490
2024-12-10 20:57:49.254239,Electronics,505,3181,0,52265
2024-12-10 20:57:49.254239,FoodCourt,998,12008,1,155320
2024-12-10 20:57:49.254239,Shoes,510,41724,0,149861
2024-12-11 20:57:49.254236,Clothing,962,28953,0,157478
2024-12-11 20:57:49.254236,Electronics,318,40886,0,119851
2024-12-11 20:57:49.254236,FoodCourt,1663,25379,0,227857
2024-12-11 20:57:49.254236,Shoes,383,20693,0,47865
2024-12-12 20:57:49.254235,Clothing,414,48539,0,162906
2024-12-12 20:57:49.254235,Electronics,466,16466,0,45938
2024-12-12 20:57:49.254235,FoodCourt,696,35546,0,125771
2024-12-12 20:57:49.254235,Shoes,752,14377,1,98014
2024-12-13 20:57:49.254233,Clothing,974,46861,1,206393
2024-12-13 20:57:49.254233,Electronics,479,45855,0,167710
2024-12-13 20:57:49.254233,FoodCourt,625,35644,0,124460
2024-12-13 20:57:49.254233,Shoes,480,27239,0,97760
2024-12-14 20:57:49.254231,Clothing,536,5124,0,42832
2024-12-14 20:57:49.254231,Electronics,311,11132,0,51172
2024-12-14 20:57:49.254231,FoodCourt,924,38396,0,184117
2024-12-14 20:57:49.254231,Shoes,368,27409,1,57581
2024-12-15 20:57:49.254230,Clothing,971,26048,0,120148
2024-12-15 20:57:49.254230,Electronics,373,35949,0,88906
2024-12-15 20:57:49.254230,FoodCourt,1321,18234,0,105773
2024-12-15 20:57:49.254230,Shoes,302,21795,0,50554
2024-12-16 20:57:49.254228,Clothing,739,4545,0,95547
2024-12-16 20:57:49.254228,Electronics,405,39539,0,95796
2024-12-16 20:57:49.254228,FoodCourt,1277,27439,0,168451
2024-12-16 20:57:49.254228,Shoes,564,33728,0,43846
2024-12-17 20:57:49.254227,Clothing,954,39376,0,173885
2024-12-17 20:57:49.254227,Electronics,233,43963,0,68895
2024-12-17 20:57:49.254227,FoodCourt,1547,14518,0,88082
2024-12-17 20:57:49.254227,Shoes,496,13350,0,66861
2024-12-18 20:57:49.254225,Clothing,551,23223,0,52292
2024-12-18 20:57:49.254225,Electronics,584,43221,0,84113
2024-12-18 20:57:49.254225,FoodCourt,1659,32175,0,179304
2024-12-18 20:57:49.254225,Shoes,306,20325,0,38398
2024-12-19 20:57:49.254223,Clothing,694,43150,0,96483
2024-12-19 20:57:49.254223,Electronics,530,17766,0,79820
2024-12-19 20:57:49.254223,FoodCourt,1307,2543,1,135198
2024-12-19 20:57:49.254223,Shoes,369,3726,0,25987
2024-12-20 20:57:49.254222,Clothing,783,12189,1,112929
2024-12-20 20:57:49.254222,Electronics,210,31260,0,49151
2024-12-20 20:57:49.254222,FoodCourt,1504,42466,0,225849
2024-12-20 20:57:49.254222,Shoes,571,8776,0,65501
2024-12-21 20:57:49.254220,Clothing,623,34556,0,94799
2024-12-21 20:57:49.254220,Electronics,244,42619,0,60372
2024-12-21 20:57:49.254220,FoodCourt,831,27432,0,94133
2024-12-21 20:57:49.254220,Shoes,419,19527,0,71185
2024-12-22 20:57:49.254218,Clothing,663,18377,1,112604
2024-12-22 20:57:49.254218,Electronics,294,32589,0,46746
2024-12-22 20:57:49.254218,FoodCourt,1756,21951,0,147438
2024-12-22 20:57:49.254218,Shoes,475,10274,0,72849
2024-12-23 20:57:49.254217,Clothing,804,4458,0,47165
2024-12-23 20:57:49.254217,Electronics,576,33808,0,69409
2024-12-23 20:57:49.254217,FoodCourt,887,2595,0,54322
2024-12-23 20:57:49.254217,Shoes,558,41994,0,44085
2024-12-24 20:57:49.254215,Clothing,1097,32028,0,125605
2024-12-24 20:57:49.254215,Electronics,483,17645,0,75138
2024-12-24 20:57:49.254215,FoodCourt,1223,37475,0,130940
2024-12-24 20:57:49.254215,Shoes,784,24838,0,116123
2024-12-25 20:57:49.254213,Clothing,1026,38292,0,118170
2024-12-25 20:57:49.254213,Electronics,477,12089,0,50317
2024-12-25 20:57:49.254213,FoodCourt,704,47824,0,130193
2024-12-25 20:57:49.254213,Shoes,661,30677,0,80572
2024-12-26 20:57:49.254212,Clothing,738,26331,0,159683
2024-12-26 20:57:49.254212,Electronics,550,30201,0,131298
2024-12-26 20:57:49.254212,FoodCourt,804,32054,0,140411
2024-12-26 20:57:49.254212,Shoes,452,48721,0,150035
2024-12-27 20:57:49.254210,Clothing,657,33686,0,151997
2024-12-27 20:57:49.254210,Electronics,411,44382,1,126465
2024-12-27 20:57:49.254210,FoodCourt,1342,39367,0,167187
2024-12-27 20:57:49.254210,Shoes,554,37394,0,160476
2024-12-28 20:57:49.254209,Clothing,1029,10261,0,89665
2024-12-28 20:57:49.254209,Electronics,371,27766,0,73183
2024-12-28 20:57:49.254209,FoodCourt,1376,27596,0,198996
2024-12-28 20:57:49.254209,Shoes,590,45328,0,161104
2024-12-29 20:57:49.254207,Clothing,519,45112,0,63171
2024-12-29 20:57:49.254207,Electronics,484,16100,0,63698
2024-12-29 20:57:49.254207,FoodCourt,1193,32503,0,156294
2024-12-29 20:57:49.254207,Shoes,889,21953,0,109492
2024-12-30 20:57:49.254205,Clothing,874,48938,0,166619
2024-12-30 20:57:49.254205,Electronics,413,12250,0,39702
2024-12-30 20:57:49.254205,FoodCourt,651,31466,0,57615
2024-12-30 20:57:49.254205,Shoes,386,9759,0,48823
2024-12-31 20:57:49.254203,Clothing,1110,24886,0,100329
2024-12-31 20:57:49.254203,Electronics,303,15379,0,50628
2024-12-31 20:57:49.254203,FoodCourt,1324,33158,0,184242
2024-12-31 20:57:49.254203,Shoes,766,6267,0,101303
2025-01-01 20:57:49.254202,Clothing,435,36848,0,45119
2025-01-01 20:57:49.254202,Electronics,234,19288,0,50861
2025-01-01 20:57:49.254202,FoodCourt,1560,22252,0,193056
2025-01-01 20:57:49.254202,Shoes,344,15416,0,64905
2025-01-02 20:57:49.254200,Clothing,898,3640,0,40802
2025-01-02 20:57:49.254200,Electronics,234,7268,0,27638
2025-01-02 20:57:49.254200,FoodCourt,679,3357,0,64741
2025-01-02 20:57:49.254200,Shoes,722,42875,0,185243
2025-01-03 20:57:49.254199,Clothing,1052,38719,0,162399
2025-01-03 20:57:49.254199,Electronics,454,20189,0,54062
2025-01-03 20:57:49.254199,FoodCourt,1784,21767,0,148190
2025-01-03 20:57:49.254199,Shoes,839,16612,0,58247
2025-01-04 20:57:49.254197,Clothing,432,45675,0,109550
2025-01-04 20:57:49.254197,Electronics,350,13676,0,56240
2025-01-04 20:57:49.254197,FoodCourt,1709,49321,0,203217
2025-01-04 20:57:49.254197,Shoes,803,44425,0,159760
2025-01-05 20:57:49.254195,Clothing,821,5997,0,91824
2025-01-05 20:57:49.254195,Electronics,336,22011,0,40915
2025-01-05 20:57:49.254195,FoodCourt,1263,23400,0,120233
2025-01-05 20:57:49.254195,Shoes,794,45119,0,207623
2025-01-06 20:57:49.254194,Clothing,526,20846,0,83125
2025-01-06 20:57:49.254194,Electronics,275,28285,0,41320
2025-01-06 20:57:49.254194,FoodCourt,1098,29291,0,91399
2025-01-06 20:57:49.254194,Shoes,364,41496,0,101601
2025-01-07 20:57:49.254192,Clothing,601,26492,0,57301
2025-01-07 20:57:49.254192,Electronics,519,46239,0,94543
2025-01-07 20:57:49.254192,FoodCourt,1617,10272,0,124380
2025-01-07 20:57:49.254192,Shoes,545,42492,1,137408
2025-01-08 20:57:49.254191,Clothing,959,14832,0,99913
2025-01-08 20:57:49.254191,Electronics,480,12090,0,70551
2025-01-08 20:57:49.254191,FoodCourt,636,32504,0,154293
2025-01-08 20:57:49.254191,Shoes,813,6727,0,104454
2025-01-09 20:57:49.254189,Clothing,506,33206,0,110134
2025-01-09 20:57:49.254189,Electronics,423,35237,0,83402
2025-01-09 20:57:49.254189,FoodCourt,1410,43320,0,184270
2025-01-09 20:57:49.254189,Shoes,499,17819,0,88417
2025-01-10 20:57:49.254187,Clothing,502,2100,0,33405
2025-01-10 20:57:49.254187,Electronics,545,4656,0,53009
2025-01-10 20:57:49.254187,FoodCourt,1053,6508,0,116740
2025-01-10 20:57:49.254187,Shoes,886,13252,0,121719
2025-01-11 20:57:49.254186,Clothing,1120,3011,0,65716
2025-01-11 20:57:49.254186,Electronics,323,47467,0,47927
2025-01-11 20:57:49.254186,FoodCourt,1563,29846,1,121441
2025-01-11 20:57:49.254186,Shoes,797,21145,0,99356
2025-01-12 20:57:49.254184,Clothing,970,45206,0,103550
2025-01-12 20:57:49.254184,Electronics,429,47800,0,129048
2025-01-12 20:57:49.254184,FoodCourt,1257,49839,0,111689
2025-01-12 20:57:49.254184,Shoes,605,15087,1,103611
2025-01-13 20:57:49.254181,Clothing,646,11104,0,83378
2025-01-13 20:57:49.254181,Electronics,569,26928,0,113888
2025-01-13 20:57:49.254181,FoodCourt,1248,2060,0,127809
2025-01-13 20:57:49.254181,Shoes,398,14210,0,59211
2025-01-14 20:57:49.254179,Clothing,1169,35968,0,123283
2025-01-14 20:57:49.254179,Electronics,479,9737,0,50267
2025-01-14 20:57:49.254179,FoodCourt,1590,44076,0,111596
2025-01-14 20:57:49.254179,Shoes,372,32034,0,135372
2025-01-15 20:57:49.254177,Clothing,579,9794,0,71672
2025-01-15 20:57:49.254177,Electronics,384,34702,0,123518
2025-01-15 20:57:49.254177,FoodCourt,1783,28584,0,209531
2025-01-15 20:57:49.254177,Shoes,767,16812,0,118621
2025-01-16 20:57:49.254176,Clothing,1033,40236,0,107070
2025-01-16 20:57:49.254176,Electronics,597,49620,0,170049
2025-01-16 20:57:49.254176,FoodCourt,985,9486,0,84498
2025-01-16 20:57:49.254176,Shoes,381,8688,0,31783
2025-01-17 20:57:49.254174,Clothing,671,27948,0,124827
2025-01-17 20:57:49.254174,Electronics,288,24289,1,76055
2025-01-17 20:57:49.254174,FoodCourt,1550,39752,0,297328
2025-01-17 20:57:49.254174,Shoes,423,44001,0,161900
2025-01-18 20:57:49.254172,Clothing,829,17520,0,74504
2025-01-18 20:57:49.254172,Electronics,301,14502,0,65666
2025-01-18 20:57:49.254172,FoodCourt,743,30723,0,142952
2025-01-18 20:57:49.254172,Shoes,855,37176,1,86231
2025-01-19 20:57:49.254171,Clothing,1065,43461,0,178450
2025-01-19 20:57:49.254171,Electronics,451,37039,0,65108
2025-01-19 20:57:49.254171,FoodCourt,853,22662,0,86788
2025-01-19 20:57:49.254171,Shoes,883,21212,0,59720
2025-01-20 20:57:49.254169,Clothing,449,6239,0,56247
2025-01-20 20:57:49.254169,Electronics,460,44551,0,103728
2025-01-20 20:57:49.254169,FoodCourt,1015,34914,0,182659
2025-01-20 20:57:49.254169,Shoes,439,37494,0,64311
2025-01-21 20:57:49.254168,Clothing,1123,28733,0,157825
2025-01-21 20:57:49.254168,Electronics,466,7057,0,66286
2025-01-21 20:57:49.254168,FoodCourt,1310,23564,0,198325
2025-01-21 20:57:49.254168,Shoes,512,8482,0,43595
2025-01-22 20:57:49.254166,Clothing,868,48304,1,176899
2025-01-22 20:57:49.254166,Electronics,257,45339,0,92146
2025-01-22 20:57:49.254166,FoodCourt,808,25923,0,109801
2025-01-22 20:57:49.254166,Shoes,319,39506,0,108328
2025-01-23 20:57:49.254164,Clothing,850,9210,0,106125
2025-01-23 20:57:49.254164,Electronics,246,39714,0,69058
2025-01-23 20:57:49.254164,FoodCourt,874,38998,1,151794
2025-01-23 20:57:49.254164,Shoes,552,32374,0,133686
2025-01-24 20:57:49.254162,Clothing,883,33582,0,114284
2025-01-24 20:57:49.254162,Electronics,590,42481,0,123605
2025-01-24 20:57:49.254162,FoodCourt,1711,20335,0,183927
2025-01-24 20:57:49.254162,Shoes,715,42457,0,103735
2025-01-25 20:57:49.254160,Clothing,659,10272,0,82994
2025-01-25 20:57:49.254160,Electronics,403,42603,0,58832
2025-01-25 20:57:49.254160,FoodCourt,1735,6288,1,79243
2025-01-25 20:57:49.254160,Shoes,322,31324,0,52109
2025-01-26 20:57:49.254158,Clothing,1151,33672,0,144638
2025-01-26 20:57:49.254158,Electronics,333,19342,0,57805
2025-01-26 20:57:49.254158,FoodCourt,1623,18090,0,90635
2025-01-26 20:57:49.254158,Shoes,451,24933,0,101923
2025-01-27 20:57:49.254157,Clothing,640,40010,0,118232
2025-01-27 20:57:49.254157,Electronics,481,32921,0,105505
2025-01-27 20:57:49.254157,FoodCourt,1445,7680,0,118347
2025-01-27 20:57:49.254157,Shoes,377,12296,0,65186
2025-01-28 20:57:49.254156,Clothing,556,4459,0,49538
2025-01-28 20:57:49.254156,Electronics,371,21324,0,80696
2025-01-28 20:57:49.254156,FoodCourt,1275,24562,0,187000
2025-01-28 20:57:49.254156,Shoes,817,4531,0,82620
2025-01-29 20:57:49.254154,Clothing,840,47713,0,81776
2025-01-29 20:57:49.254154,Electronics,368,41334,1,153341
2025-01-29 20:57:49.254154,FoodCourt,1044,45631,0,181604
2025-01-29 20:57:49.254154,Shoes,518,49580,0,60995
2025-01-30 20:57:49.254152,Clothing,852,17463,0,107569
2025-01-30 20:57:49.254152,Electronics,496,44600,1,130927
2025-01-30 20:57:49.254152,FoodCourt,790,44871,0,167582
2025-01-30 20:57:49.254152,Shoes,504,34869,0,143214
2025-01-31 20:57:49.254151,Clothing,1176,21170,1,198903
2025-01-31 20:57:49.254151,Electronics,335,25774,0,32091
2025-01-31 20:57:49.254151,FoodCourt,1029,45967,0,181710
2025-01-31 20:57:49.254151,Shoes,349,44072,0,53552
2025-02-01 20:57:49.254149,Clothing,685,2381,0,56712
2025-02-01 20:57:49.254149,Electronics,330,40279,0,46500
2025-02-01 20:57:49.254149,FoodCourt,1792,27321,0,256749
2025-02-01 20:57:49.254149,Shoes,390,24432,0,93812
2025-02-02 20:57:49.254147,Clothing,1035,15001,0,127864
2025-02-02 20:57:49.254147,Electronics,571,10016,0,37855
2025-02-02 20:57:49.254147,FoodCourt,994,21638,0,175833
2025-02-02 20:57:49.254147,Shoes,408,17886,0,67461
2025-02-03 20:57:49.254146,Clothing,844,40962,0,108036
2025-02-03 20:57:49.254146,Electronics,418,8300,0,51866
2025-02-03 20:57:49.254146,FoodCourt,1425,47602,0,233809
2025-02-03 20:57:49.254146,Shoes,781,20649,0,115204
2025-02-04 20:57:49.254144,Clothing,721,42485,0,137568
2025-02-04 20:57:49.254144,Electronics,300,16808,0,58968
2025-02-04 20:57:49.254144,FoodCourt,1685,42140,1,238778
2025-02-04 20:57:49.254144,Shoes,732,5292,0,85284
2025-02-05 20:57:49.254143,Clothing,964,14208,0,106448
2025-02-05 20:57:49.254143,Electronics,379,30109,0,61005
2025-02-05 20:57:49.254143,FoodCourt,621,44855,0,160270
2025-02-05 20:57:49.254143,Shoes,613,36697,0,92157
2025-02-06 20:57:49.254141,Clothing,1077,19018,0,115144
2025-02-06 20:57:49.254141,Electronics,246,21931,1,61544
2025-02-06 20:57:49.254141,FoodCourt,928,43282,0,205196
2025-02-06 20:57:49.254141,Shoes,709,17431,0,90327
2025-02-07 20:57:49.254139,Clothing,646,8187,0,85850
2025-02-07 20:57:49.254139,Electronics,403,16353,0,61249
2025-02-07 20:57:49.254139,FoodCourt,863,26799,1,130716
2025-02-07 20:57:49.254139,Shoes,885,35316,0,170670
2025-02-08 20:57:49.254138,Clothing,1115,49901,0,205161
2025-02-08 20:57:49.254138,Electronics,216,2046,0,28226
2025-02-08 20:57:49.254138,FoodCourt,968,45399,0,173856
2025-02-08 20:57:49.254138,Shoes,471,35397,0,61329
2025-02-09 20:57:49.254136,Clothing,919,28549,0,134417
2025-02-09 20:57:49.254136,Electronics,378,11771,0,70130
2025-02-09 20:57:49.254136,FoodCourt,1609,33298,0,196362
2025-02-09 20:57:49.254136,Shoes,659,6281,0,80938
2025-02-10 20:57:49.254134,Clothing,576,38922,0,131056
2025-02-10 20:57:49.254134,Electronics,212,3496,0,19499
2025-02-10 20:57:49.254134,FoodCourt,776,49691,0,98669
2025-02-10 20:57:49.254134,Shoes,790,42575,1,117653
2025-02-11 20:57:49.254133,Clothing,889,27714,0,97542
2025-02-11 20:57:49.254133,Electronics,205,13353,0,26442
2025-02-11 20:57:49.254133,FoodCourt,1785,32208,0,189805
2025-02-11 20:57:49.254133,Shoes,830,4903,0,73925
2025-02-12 20:57:49.254131,Clothing,901,14503,0,92780
2025-02-12 20:57:49.254131,Electronics,398,14907,0,58065
2025-02-12 20:57:49.254131,FoodCourt,1364,17152,0,68630
2025-02-12 20:57:49.254131,Shoes,876,19031,1,147738
2025-02-13 20:57:49.254129,Clothing,632,42893,0,89198
2025-02-13 20:57:49.254129,Electronics,265,21754,0,22090
2025-02-13 20:57:49.254129,FoodCourt,602,42192,0,159760
2025-02-13 20:57:49.254129,Shoes,453,26288,0,111177
2025-02-14 20:57:49.254128,Clothing,627,44717,0,87941
2025-02-14 20:57:49.254128,Electronics,274,5478,1,44327
2025-02-14 20:57:49.254128,FoodCourt,1458,41638,0,212881
2025-02-14 20:57:49.254128,Shoes,708,2722,0,61288
2025-02-15 20:57:49.254126,Clothing,1179,17734,0,111482
2025-02-15 20:57:49.254126,Electronics,309,37623,0,70623
2025-02-15 20:57:49.254126,FoodCourt,1216,40981,0,234016
2025-02-15 20:57:49.254126,Shoes,315,43967,0,58649
2025-02-16 20:57:49.254125,Clothing,998,12893,0,127842
2025-02-16 20:57:49.254125,Electronics,530,34499,1,77410
2025-02-16 20:57:49.254125,FoodCourt,1403,36828,0,162309
2025-02-16 20:57:49.254125,Shoes,728,17517,0,81398
2025-02-17 20:57:49.254123,Clothing,1184,45655,0,199446
2025-02-17 20:57:49.254123,Electronics,202,7242,0,34954
2025-02-17 20:57:49.254123,FoodCourt,1660,23578,0,146396
2025-02-17 20:57:49.254123,Shoes,608,4158,0,61931
2025-02-18 20:57:49.254121,Clothing,765,25570,0,161774
2025-02-18 20:57:49.254121,Electronics,485,15987,0,95100
2025-02-18 20:57:49.254121,FoodCourt,1017,6469,0,63051
2025-02-18 20:57:49.254121,Shoes,739,19081,0,134618
2025-02-19 20:57:49.254120,Clothing,1074,45181,0,123411
2025-02-19 20:57:49.254120,Electronics,582,38085,1,134586
2025-02-19 20:57:49.254120,FoodCourt,630,33855,0,74212
2025-02-19 20:57:49.254120,Shoes,687,4299,0,34273
2025-02-20 20:57:49.254118,Clothing,522,38759,0,86129
2025-02-20 20:57:49.254118,Electronics,384,6682,0,26678
2025-02-20 20:57:49.254118,FoodCourt,1466,38570,0,246258
2025-02-20 20:57:49.254118,Shoes,775,32086,0,121370
2025-02-21 20:57:49.254116,Clothing,499,20058,0,59206
2025-02-21 20:57:49.254116,Electronics,566,41752,0,184200
2025-02-21 20:57:49.254116,FoodCourt,1196,47486,0,226993
2025-02-21 20:57:49.254116,Shoes,854,22920,0,124579
2025-02-22 20:57:49.254115,Clothing,1007,3409,0,111424
2025-02-22 20:57:49.254115,Electronics,366,27041,0,49022
2025-02-22 20:57:49.254115,FoodCourt,1126,26695,0,104715
2025-02-22 20:57:49.254115,Shoes,665,20344,1,75095
2025-02-23 20:57:49.254113,Clothing,616,23515,0,56668
2025-02-23 20:57:49.254113,Electronics,294,9173,0,51306
2025-02-23 20:57:49.254113,FoodCourt,732,17206,0,69094
2025-02-23 20:57:49.254113,Shoes,675,34855,0,93003
2025-02-24 20:57:49.254112,Clothing,723,21570,0,125036
2025-02-24 20:57:49.254112,Electronics,395,49629,0,104620
2025-02-24 20:57:49.254112,FoodCourt,1724,24177,0,169904
2025-02-24 20:57:49.254112,Shoes,869,22187,0,123646
2025-02-25 20:57:49.254110,Clothing,578,4317,0,60373
2025-02-25 20:57:49.254110,Electronics,276,38688,0,66116
2025-02-25 20:57:49.254110,FoodCourt,1793,22609,0,269625
2025-02-25 20:57:49.254110,Shoes,317,29478,0,103187
2025-02-26 20:57:49.254108,Clothing,962,4906,0,125846
2025-02-26 20:57:49.254108,Electronics,414,29674,0,77775
2025-02-26 20:57:49.254108,FoodCourt,867,19546,0,90087
2025-02-26 20:57:49.254108,Shoes,613,38514,0,166448
2025-02-27 20:57:49.254107,Clothing,844,47465,0,152197
2025-02-27 20:57:49.254107,Electronics,337,33009,0,77541
2025-02-27 20:57:49.254107,FoodCourt,823,3511,0,64474
2025-02-27 20:57:49.254107,Shoes,575,42328,1,86035
2025-02-28 20:57:49.254105,Clothing,1117,28993,0,107252
2025-02-28 20:57:49.254105,Electronics,366,29858,1,50767
2025-02-28 20:57:49.254105,FoodCourt,1337,3570,0,106484
2025-02-28 20:57:49.254105,Shoes,307,13226,0,47190
2025-03-01 20:57:49.254103,Clothing,709,19264,0,97371
2025-03-01 20:57:49.254103,Electronics,421,48028,0,67513
2025-03-01 20:57:49.254103,FoodCourt,1782,49135,0,254815
2025-03-01 20:57:49.254103,Shoes,607,42012,0,116694
2025-03-02 20:57:49.254102,Clothing,569,36960,0,85588
2025-03-02 20:57:49.254102,Electronics,416,39182,0,48299
2025-03-02 20:57:49.254102,FoodCourt,1503,16617,0,63944
2025-03-02 20:57:49.254102,Shoes,873,34920,0,197689
2025-03-03 20:57:49.254100,Clothing,495,12488,0,66300
2025-03-03 20:57:49.254100,Electronics,543,46549,0,105968
2025-03-03 20:57:49.254100,FoodCourt,728,37615,0,115513
2025-03-03 20:57:49.254100,Shoes,438,5467,0,41902
2025-03-04 20:57:49.254098,Clothing,1081,49774,0,99438
2025-03-04 20:57:49.254098,Electronics,390,40487,0,123595
2025-03-04 20:57:49.254098,FoodCourt,1581,38576,0,177238
2025-03-04 20:57:49.254098,Shoes,343,26304,0,47323
2025-03-05 20:57:49.254096,Clothing,1037,14609,1,131928
2025-03-05 20:57:49.254096,Electronics,399,41020,0,69633
2025-03-05 20:57:49.254096,FoodCourt,724,33997,0,45844
2025-03-05 20:57:49.254096,Shoes,685,41632,0,134749
2025-03-06 20:57:49.254094,Clothing,984,4241,0,60555
2025-03-06 20:57:49.254094,Electronics,376,23737,0,47736
2025-03-06 20:57:49.254094,FoodCourt,1017,6650,0,114981
2025-03-06 20:57:49.254094,Shoes,385,2290,0,23544
2025-03-07 20:57:49.254093,Clothing,1169,49954,0,193824
2025-03-07 20:57:49.254093,Electronics,388,30275,0,84341
2025-03-07 20:57:49.254093,FoodCourt,1178,32745,0,146269
2025-03-07 20:57:49.254093,Shoes,547,33751,0,146514
2025-03-08 20:57:49.254091,Clothing,597,20590,0,62513
2025-03-08 20:57:49.254091,Electronics,589,6288,0,49316
2025-03-08 20:57:49.254091,FoodCourt,923,34909,0,156456
2025-03-08 20:57:49.254091,Shoes,516,36941,0,72910
2025-03-09 20:57:49.254090,Clothing,922,30772,0,165844
2025-03-09 20:57:49.254090,Electronics,342,24012,0,87017
2025-03-09 20:57:49.254090,FoodCourt,859,14468,1,94788
2025-03-09 20:57:49.254090,Shoes,644,13344,0,67855
2025-03-10 20:57:49.254088,Clothing,768,40632,1,120811
2025-03-10 20:57:49.254088,Electronics,558,16953,0,68759
2025-03-10 20:57:49.254088,FoodCourt,1797,18948,0,198831
2025-03-10 20:57:49.254088,Shoes,798,15773,0,83639
2025-03-11 20:57:49.254086,Clothing,903,19336,0,129679
2025-03-11 20:57:49.254086,Electronics,349,46805,0,64721
2025-03-11 20:57:49.254086,FoodCourt,1523,31722,0,173792
2025-03-11 20:57:49.254086,Shoes,601,44806,0,112424
2025-03-12 20:57:49.254085,Clothing,881,15065,0,112429
2025-03-12 20:57:49.254085,Electronics,585,45089,0,102560
2025-03-12 20:57:49.254085,FoodCourt,992,20191,0,101101
2025-03-12 20:57:49.254085,Shoes,876,45377,0,194101
2025-03-13 20:57:49.254083,Clothing,915,24302,0,59967
2025-03-13 20:57:49.254083,Electronics,316,31656,0,122307
2025-03-13 20:57:49.254083,FoodCourt,1046,15911,0,105389
2025-03-13 20:57:49.254083,Shoes,822,31873,0,91175
2025-03-14 20:57:49.254081,Clothing,1093,29022,0,179210
2025-03-14 20:57:49.254081,Electronics,312,42380,0,64953
2025-03-14 20:57:49.254081,FoodCourt,1547,39571,0,82101
2025-03-14 20:57:49.254081,Shoes,347,2964,0,22676
2025-03-15 20:57:49.254080,Clothing,514,4861,0,41990
2025-03-15 20:57:49.254080,Electronics,455,8498,0,57554
2025-03-15 20:57:49.254080,FoodCourt,1188,37959,0,158880
2025-03-15 20:57:49.254080,Shoes,793,4115,0,96600
2025-03-16 20:57:49.254078,Clothing,541,21661,0,68962
2025-03-16 20:57:49.254078,Electronics,454,45544,0,140317
2025-03-16 20:57:49.254078,FoodCourt,1152,24659,0,138224
2025-03-16 20:57:49.254078,Shoes,830,15625,0,95223
2025-03-17 20:57:49.254076,Clothing,920,37592,0,162510
2025-03-17 20:57:49.254076,Electronics,349,41621,0,88488
2025-03-17 20:57:49.254076,FoodCourt,1627,38670,0,110966
2025-03-17 20:57:49.254076,Shoes,383,12681,0,40392
2025-03-18 20:57:49.254074,Clothing,884,32719,0,109538
2025-03-18 20:57:49.254074,Electronics,270,17394,0,41680
2025-03-18 20:57:49.254074,FoodCourt,1624,16117,0,109223
2025-03-18 20:57:49.254074,Shoes,464,31692,0,65949
2025-03-19 20:57:49.254073,Clothing,1129,41035,0,174700
2025-03-19 20:57:49.254073,Electronics,369,23544,1,49744
2025-03-19 20:57:49.254073,FoodCourt,675,25995,0,81882
2025-03-19 20:57:49.254073,Shoes,307,13178,0,25718
2025-03-20 20:57:49.254071,Clothing,608,33338,0,70294
2025-03-20 20:57:49.254071,Electronics,524,11923,0,78871
2025-03-20 20:57:49.254071,FoodCourt,745,28080,1,134265
2025-03-20 20:57:49.254071,Shoes,613,40753,0,107815
2025-03-21 20:57:49.254070,Clothing,1169,22111,0,151929
2025-03-21 20:57:49.254070,Electronics,560,20853,0,94767
2025-03-21 20:57:49.254070,FoodCourt,1216,18608,0,148832
2025-03-21 20:57:49.254070,Shoes,609,32146,0,115029
2025-03-22 20:57:49.254068,Clothing,723,5059,0,32467
2025-03-22 20:57:49.254068,Electronics,542,28662,0,35883
2025-03-22 20:57:49.254068,FoodCourt,1444,34308,0,251893
2025-03-22 20:57:49.254068,Shoes,624,42053,1,56857
2025-03-23 20:57:49.254066,Clothing,623,8003,0,60688
2025-03-23 20:57:49.254066,Electronics,465,7015,0,19269
2025-03-23 20:57:49.254066,FoodCourt,614,18684,0,75378
2025-03-23 20:57:49.254066,Shoes,332,9690,0,27161
2025-03-24 20:57:49.254065,Clothing,1105,39658,0,175241
2025-03-24 20:57:49.254065,Electronics,394,29533,0,97379
2025-03-24 20:57:49.254065,FoodCourt,870,47334,0,182557
2025-03-24 20:57:49.254065,Shoes,527,31871,0,54808
2025-03-25 20:57:49.254063,Clothing,895,12858,0,104668
2025-03-25 20:57:49.254063,Electronics,539,32584,0,71064
2025-03-25 20:57:49.254063,FoodCourt,1321,40757,0,236486
2025-03-25 20:57:49.254063,Shoes,469,11197,0,32171
2025-03-26 20:57:49.254062,Clothing,1110,40351,0,151026
2025-03-26 20:57:49.254062,Electronics,531,41897,1,105601
2025-03-26 20:57:49.254062,FoodCourt,1005,14899,0,107108
2025-03-26 20:57:49.254062,Shoes,501,49177,0,133169
2025-03-27 20:57:49.254060,Clothing,1089,8808,1,124825
2025-03-27 20:57:49.254060,Electronics,597,34813,0,119806
2025-03-27 20:57:49.254060,FoodCourt,1364,40051,0,264628
2025-03-27 20:57:49.254060,Shoes,365,44962,0,127561
2025-03-28 20:57:49.254059,Clothing,776,26281,0,146316
2025-03-28 20:57:49.254059,Electronics,487,39688,0,87640
2025-03-28 20:57:49.254059,FoodCourt,927,42586,0,168539
2025-03-28 20:57:49.254059,Shoes,338,15080,0,45187
2025-03-29 20:57:49.254057,Clothing,674,31782,0,123870
2025-03-29 20:57:49.254057,Electronics,376,13918,0,48260
2025-03-29 20:57:49.254057,FoodCourt,1438,25205,0,88138
2025-03-29 20:57:49.254057,Shoes,398,27165,0,79830
2025-03-30 20:57:49.254056,Clothing,456,6512,0,47272
2025-03-30 20:57:49.254056,Electronics,597,17098,0,95767
2025-03-30 20:57:49.254056,FoodCourt,1211,47068,1,198572
2025-03-30 20:57:49.254056,Shoes,446,8252,0,52327
2025-03-31 20:57:49.254054,Clothing,480,10670,0,55033
2025-03-31 20:57:49.254054,Electronics,387,12165,0,44525
2025-03-31 20:57:49.254054,FoodCourt,1106,23203,0,132253
2025-03-31 20:57:49.254054,Shoes,576,37290,0,136155
2025-04-01 20:57:49.254052,Clothing,1137,5880,0,143135
2025-04-01 20:57:49.254052,Electronics,230,8386,0,32818
2025-04-01 20:57:49.254052,FoodCourt,1365,13598,0,83928
2025-04-01 20:57:49.254052,Shoes,331,29988,0,80632
2025-04-02 20:57:49.254050,Clothing,525,12211,0,49120
2025-04-02 20:57:49.254050,Electronics,346,40264,0,123225
2025-04-02 20:57:49.254050,FoodCourt,864,16431,0,105598
2025-04-02 20:57:49.254050,Shoes,394,9472,0,41975
2025-04-03 20:57:49.254049,Clothing,656,14372,0,87876
2025-04-03 20:57:49.254049,Electronics,526,25256,1,109127
2025-04-03 20:57:49.254049,FoodCourt,1696,34783,0,127863
2025-04-03 20:57:49.254049,Shoes,782,9091,0,56695
2025-04-04 20:57:49.254047,Clothing,920,47809,0,88011
2025-04-04 20:57:49.254047,Electronics,483,48050,0,110475
2025-04-04 20:57:49.254047,FoodCourt,1448,16771,0,190968
2025-04-04 20:57:49.254047,Shoes,331,41432,0,120091
2025-04-05 20:57:49.254046,Clothing,423,29504,0,71316
2025-04-05 20:57:49.254046,Electronics,548,9507,0,67711
2025-04-05 20:57:49.254046,FoodCourt,1273,20915,0,173729
2025-04-05 20:57:49.254046,Shoes,537,16243,0,96164
2025-04-06 20:57:49.254045,Clothing,497,12121,0,54292
2025-04-06 20:57:49.254045,Electronics,394,4697,0,42729
2025-04-06 20:57:49.254045,FoodCourt,1082,41121,0,68016
2025-04-06 20:57:49.254045,Shoes,340,22305,0,92736
2025-04-07 20:57:49.254040,Clothing,1015,44195,0,165259
2025-04-07 20:57:49.254040,Electronics,400,13458,0,65552
2025-04-07 20:57:49.254040,FoodCourt,1746,4763,0,120542
2025-04-07 20:57:49.254040,Shoes,544,39158,0,115319
2025-04-08 20:57:49.254038,Clothing,730,28583,0,56312
2025-04-08 20:57:49.254038,Electronics,456,29753,0,92677
2025-04-08 20:57:49.254038,FoodCourt,1103,20868,0,172954
2025-04-08 20:57:49.254038,Shoes,432,21629,0,78308
2025-04-09 20:57:49.254036,Clothing,1186,30893,0,101345
2025-04-09 20:57:49.254036,Electronics,499,20791,0,35417
2025-04-09 20:57:49.254036,FoodCourt,1163,35999,0,159889
2025-04-09 20:57:49.254036,Shoes,621,42299,0,149711
2025-04-10 20:57:49.254034,Clothing,777,33935,0,82499
2025-04-10 20:57:49.254034,Electronics,287,33460,0,75461
2025-04-10 20:57:49.254034,FoodCourt,780,35937,0,119547
2025-04-10 20:57:49.254034,Shoes,313,2199,0,26842
2025-04-11 20:57:49.254033,Clothing,409,17406,0,82540
2025-04-11 20:57:49.254033,Electronics,589,44970,0,157500
2025-04-11 20:57:49.254033,FoodCourt,709,6506,0,59660
2025-04-11 20:57:49.254033,Shoes,850,7552,0,105239
2025-04-12 20:57:49.254031,Clothing,855,40609,0,161977
2025-04-12 20:57:49.254031,Electronics,499,32154,0,58661
2025-04-12 20:57:49.254031,FoodCourt,1560,29605,0,130900
2025-04-12 20:57:49.254031,Shoes,510,37350,0,66147
2025-04-13 20:57:49.254029,Clothing,596,13558,0,83178
2025-04-13 20:57:49.254029,Electronics,435,3585,0,35497
2025-04-13 20:57:49.254029,FoodCourt,743,7461,0,85239
2025-04-13 20:57:49.254029,Shoes,531,24918,0,64636
2025-04-14 20:57:49.254028,Clothing,1109,14580,0,92493
2025-04-14 20:57:49.254028,Electronics,287,21062,0,71844
2025-04-14 20:57:49.254028,FoodCourt,1261,25248,0,142287
2025-04-14 20:57:49.254028,Shoes,591,36649,0,126978
2025-04-15 20:57:49.254026,Clothing,430,19876,1,91550
2025-04-15 20:57:49.254026,Electronics,254,37096,0,68693
2025-04-15 20:57:49.254026,FoodCourt,1092,37718,0,100952
2025-04-15 20:57:49.254026,Shoes,352,40356,0,85665
2025-04-16 20:57:49.254025,Clothing,946,43394,0,188942
2025-04-16 20:57:49.254025,Electronics,461,34132,0,69462
2025-04-16 20:57:49.254025,FoodCourt,1738,32925,0,209214
2025-04-16 20:57:49.254025,Shoes,858,21747,0,167347
2025-04-17 20:57:49.254023,Clothing,641,9204,0,50803
2025-04-17 20:57:49.254023,Electronics,475,39612,0,123289
2025-04-17 20:57:49.254023,FoodCourt,871,45845,0,167091
2025-04-17 20:57:49.254023,Shoes,818,7834,0,82699
2025-04-18 20:57:49.254021,Clothing,411,44937,0,144909
2025-04-18 20:57:49.254021,Electronics,507,20499,0,98510
2025-04-18 20:57:49.254021,FoodCourt,824,19611,0,130642
2025-04-18 20:57:49.254021,Shoes,389,17553,0,67750
2025-04-19 20:57:49.254019,Clothing,617,7435,0,75158
2025-04-19 20:57:49.254019,Electronics,308,30514,0,60354
2025-04-19 20:57:49.254019,FoodCourt,1708,47642,1,219164
2025-04-19 20:57:49.254019,Shoes,315,3955,0,41521
2025-04-20 20:57:49.254018,Clothing,1052,22264,1,124612
2025-04-20 20:57:49.254018,Electronics,380,11488,0,63331
2025-04-20 20:57:49.254018,FoodCourt,1383,12212,0,163572
2025-04-20 20:57:49.254018,Shoes,809,7901,0,72027
2025-04-21 20:57:49.254016,Clothing,755,13402,0,115126
2025-04-21 20:57:49.254016,Electronics,297,23142,0,70000
2025-04-21 20:57:49.254016,FoodCourt,1603,28206,0,238522
2025-04-21 20:57:49.254016,Shoes,664,11983,0,42684
2025-04-22 20:57:49.254015,Clothing,1007,18535,0,75194
2025-04-22 20:57:49.254015,Electronics,213,45996,0,46924
2025-04-22 20:57:49.254015,FoodCourt,920,47236,0,137361
2025-04-22 20:57:49.254015,Shoes,467,30345,0,87708
2025-04-23 20:57:49.254014,Clothing,700,31896,0,129236
2025-04-23 20:57:49.254014,Electronics,298,36371,1,88120
2025-04-23 20:57:49.254014,FoodCourt,1379,43146,0,188607
2025-04-23 20:57:49.254014,Shoes,615,46750,0,116676
2025-04-24 20:57:49.254012,Clothing,990,17433,0,82847
2025-04-24 20:57:49.254012,Electronics,326,10429,0,44815
2025-04-24 20:57:49.254012,FoodCourt,1445,15075,0,77209
2025-04-24 20:57:49.254012,Shoes,877,16019,0,104265
2025-04-25 20:57:49.254010,Clothing,501,48925,0,129099
2025-04-25 20:57:49.254010,Electronics,266,2546,0,19890
2025-04-25 20:57:49.254010,FoodCourt,625,45004,0,84711
2025-04-25 20:57:49.254010,Shoes,343,3954,0,48100
2025-04-26 20:57:49.254009,Clothing,1166,6998,0,147008
2025-04-26 20:57:49.254009,Electronics,460,46008,0,120534
2025-04-26 20:57:49.254009,FoodCourt,1769,6803,0,139322
2025-04-26 20:57:49.254009,Shoes,498,9425,0,32861
2025-04-27 20:57:49.254007,Clothing,582,9154,0,55898
2025-04-27 20:57:49.254007,Electronics,305,20429,0,44702
2025-04-27 20:57:49.254007,FoodCourt,610,41756,0,148270
2025-04-27 20:57:49.254007,Shoes,350,17955,0,26157
2025-04-28 20:57:49.254005,Clothing,752,46967,0,68969
2025-04-28 20:57:49.254005,Electronics,363,29215,0,43616
2025-04-28 20:57:49.254005,FoodCourt,1072,10091,1,156038
2025-04-28 20:57:49.254005,Shoes,392,5725,0,51336
2025-04-29 20:57:49.254004,Clothing,847,30204,0,132498
2025-04-29 20:57:49.254004,Electronics,339,13463,0,61154
2025-04-29 20:57:49.254004,FoodCourt,1482,17188,0,89386
2025-04-29 20:57:49.254004,Shoes,307,43504,0,84566
2025-04-30 20:57:49.254002,Clothing,464,27102,0,97132
2025-04-30 20:57:49.254002,Electronics,483,10948,0,75930
2025-04-30 20:57:49.254002,FoodCourt,1602,26950,0,118144
2025-04-30 20:57:49.254002,Shoes,606,10152,1,91290
2025-05-01 20:57:49.254001,Clothing,485,27907,0,70780
2025-05-01 20:57:49.254001,Electronics,374,22198,0,53904
2025-05-01 20:57:49.254001,FoodCourt,1151,6751,1,54630
2025-05-01 20:57:49.254001,Shoes,332,11060,1,62371
2025-05-02 20:57:49.253999,Clothing,976,44188,1,138610
2025-05-02 20:57:49.253999,Electronics,559,12498,0,87435
2025-05-02 20:57:49.253999,FoodCourt,1220,27135,0,130552
2025-05-02 20:57:49.253999,Shoes,647,28262,0,92229
2025-05-03 20:57:49.253997,Clothing,1158,2574,0,118135
2025-05-03 20:57:49.253997,Electronics,397,26911,0,60342
2025-05-03 20:57:49.253997,FoodCourt,1131,46292,0,95431
2025-05-03 20:57:49.253997,Shoes,535,41553,0,97330
2025-05-04 20:57:49.253996,Clothing,1198,44333,1,186778
2025-05-04 20:57:49.253996,Electronics,503,29263,0,92031
2025-05-04 20:57:49.253996,FoodCourt,1265,44952,0,219866
2025-05-04 20:57:49.253996,Shoes,574,15433,0,84740
2025-05-05 20:57:49.253994,Clothing,425,25446,0,93356
2025-05-05 20:57:49.253994,Electronics,599,45911,0,167272
2025-05-05 20:57:49.253994,FoodCourt,1409,10352,0,58581
2025-05-05 20:57:49.253994,Shoes,575,31189,0,111689
2025-05-06 20:57:49.253993,Clothing,855,25937,0,108232
2025-05-06 20:57:49.253993,Electronics,525,13320,0,47024
2025-05-06 20:57:49.253993,FoodCourt,1704,35469,0,234315
2025-05-06 20:57:49.253993,Shoes,750,2445,0,27762
2025-05-07 20:57:49.253991,Clothing,625,17528,1,85049
2025-05-07 20:57:49.253991,Electronics,416,44414,0,107538
2025-05-07 20:57:49.253991,FoodCourt,1161,42708,0,193721
2025-05-07 20:57:49.253991,Shoes,530,2793,1,74466
2025-05-08 20:57:49.253989,Clothing,909,39625,0,208910
2025-05-08 20:57:49.253989,Electronics,204,4749,0,31515
2025-05-08 20:57:49.253989,FoodCourt,993,46508,0,142765
2025-05-08 20:57:49.253989,Shoes,561,26672,0,80950
2025-05-09 20:57:49.253988,Clothing,717,35146,0,99145
2025-05-09 20:57:49.253988,Electronics,487,31602,0,105593
2025-05-09 20:57:49.253988,FoodCourt,1412,26155,0,111728
2025-05-09 20:57:49.253988,Shoes,570,20417,0,69713
2025-05-10 20:57:49.253986,Clothing,1195,38956,0,195102
2025-05-10 20:57:49.253986,Electronics,310,7647,0,22056
2025-05-10 20:57:49.253986,FoodCourt,1267,27906,0,124348
2025-05-10 20:57:49.253986,Shoes,663,48939,0,157293
2025-05-11 20:57:49.253985,Clothing,856,29656,1,72412
2025-05-11 20:57:49.253985,Electronics,587,14357,0,60178
2025-05-11 20:57:49.253985,FoodCourt,962,23289,0,84496
2025-05-11 20:57:49.253985,Shoes,826,15267,0,73600
2025-05-12 20:57:49.253982,Clothing,1038,35438,0,134624
2025-05-12 20:57:49.253982,Electronics,207,49875,0,89528
2025-05-12 20:57:49.253982,FoodCourt,849,8526,0,57338
2025-05-12 20:57:49.253982,Shoes,326,5674,0,28800
2025-05-13 20:57:49.253981,Clothing,750,39503,0,180244
2025-05-13 20:57:49.253981,Electronics,417,31691,0,100547
2025-05-13 20:57:49.253981,FoodCourt,1678,12342,0,141996
2025-05-13 20:57:49.253981,Shoes,577,43663,0,140793
2025-05-14 20:57:49.253979,Clothing,503,42487,0,142401
2025-05-14 20:57:49.253979,Electronics,520,39326,0,62070
2025-05-14 20:57:49.253979,FoodCourt,1472,9652,0,131285
2025-05-14 20:57:49.253979,Shoes,374,9437,0,29392
2025-05-15 20:57:49.253978,Clothing,1159,47127,0,120600
2025-05-15 20:57:49.253978,Electronics,437,9385,0,77096
2025-05-15 20:57:49.253978,FoodCourt,1290,47313,0,117749
2025-05-15 20:57:49.253978,Shoes,459,48625,1,185604
2025-05-16 20:57:49.253976,Clothing,754,45446,0,153829
2025-05-16 20:57:49.253976,Electronics,495,44127,1,109903
2025-05-16 20:57:49.253976,FoodCourt,1627,9323,0,128107
2025-05-16 20:57:49.253976,Shoes,667,11522,0,39819
2025-05-17 20:57:49.253974,Clothing,450,16900,0,55111
2025-05-17 20:57:49.253974,Electronics,418,10808,0,54286
2025-05-17 20:57:49.253974,FoodCourt,1498,32648,0,154752
2025-05-17 20:57:49.253974,Shoes,323,11864,1,39718
2025-05-18 20:57:49.253973,Clothing,602,25407,1,100870
2025-05-18 20:57:49.253973,Electronics,500,19658,0,77451
2025-05-18 20:57:49.253973,FoodCourt,1418,19872,0,167409
2025-05-18 20:57:49.253973,Shoes,854,19529,0,96605
2025-05-19 20:57:49.253971,Clothing,778,14483,0,50451
2025-05-19 20:57:49.253971,Electronics,542,49763,0,159263
2025-05-19 20:57:49.253971,FoodCourt,1232,19075,0,134053
2025-05-19 20:57:49.253971,Shoes,513,16445,0,46138
2025-05-20 20:57:49.253970,Clothing,440,23650,0,84368
2025-05-20 20:57:49.253970,Electronics,528,37695,0,119861
2025-05-20 20:57:49.253970,FoodCourt,1594,33189,0,204888
2025-05-20 20:57:49.253970,Shoes,731,7709,0,34873
2025-05-21 20:57:49.253968,Clothing,682,37287,0,101683
2025-05-21 20:57:49.253968,Electronics,233,33382,0,62336
2025-05-21 20:57:49.253968,FoodCourt,1619,30019,0,171414
2025-05-21 20:57:49.253968,Shoes,316,6959,1,44578
2025-05-22 20:57:49.253966,Clothing,604,4302,0,54053
2025-05-22 20:57:49.253966,Electronics,269,4966,0,34592
2025-05-22 20:57:49.253966,FoodCourt,1187,26877,0,88074
2025-05-22 20:57:49.253966,Shoes,783,29926,1,112555
2025-05-23 20:57:49.253965,Clothing,646,37255,1,164497
2025-05-23 20:57:49.253965,Electronics,335,28357,0,29182
2025-05-23 20:57:49.253965,FoodCourt,1502,12620,0,98841
2025-05-23 20:57:49.253965,Shoes,772,40678,0,167403
2025-05-24 20:57:49.253963,Clothing,1186,29936,0,173764
2025-05-24 20:57:49.253963,Electronics,348,27103,0,98952
2025-05-24 20:57:49.253963,FoodCourt,671,42074,0,124095
2025-05-24 20:57:49.253963,Shoes,456,15609,1,55081
2025-05-25 20:57:49.253962,Clothing,432,18094,1,71650
2025-05-25 20:57:49.253962,Electronics,460,23930,0,68745
2025-05-25 20:57:49.253962,FoodCourt,833,30376,0,111178
2025-05-25 20:57:49.253962,Shoes,604,30265,0,79472
2025-05-26 20:57:49.253960,Clothing,970,39187,0,118249
2025-05-26 20:57:49.253960,Electronics,498,17344,0,42512
2025-05-26 20:57:49.253960,FoodCourt,981,28124,1,190550
2025-05-26 20:57:49.253960,Shoes,515,7392,0,52330
2025-05-27 20:57:49.253958,Clothing,715,22091,0,121710
2025-05-27 20:57:49.253958,Electronics,565,37554,0,135678
2025-05-27 20:57:49.253958,FoodCourt,1644,9485,0,198782
2025-05-27 20:57:49.253958,Shoes,365,49092,0,91034
2025-05-28 20:57:49.253957,Clothing,968,21132,0,148947
2025-05-28 20:57:49.253957,Electronics,350,16158,0,32418
2025-05-28 20:57:49.253957,FoodCourt,1605,10548,0,89705
2025-05-28 20:57:49.253957,Shoes,395,13417,0,36780
2025-05-29 20:57:49.253955,Clothing,1049,3110,0,108689
2025-05-29 20:57:49.253955,Electronics,538,35991,1,166119
2025-05-29 20:57:49.253955,FoodCourt,623,20797,1,94699
2025-05-29 20:57:49.253955,Shoes,425,45957,0,79510
2025-05-30 20:57:49.253953,Clothing,625,19427,0,59888
2025-05-30 20:57:49.253953,Electronics,588,18449,1,96869
2025-05-30 20:57:49.253953,FoodCourt,966,13198,0,91738
2025-05-30 20:57:49.253953,Shoes,768,31457,0,98154
2025-05-31 20:57:49.253952,Clothing,1008,11270,0,81851
2025-05-31 20:57:49.253952,Electronics,409,35206,0,103966
2025-05-31 20:57:49.253952,FoodCourt,973,17649,0,96943
2025-05-31 20:57:49.253952,Shoes,863,44344,0,181685
2025-06-01 20:57:49.253950,Clothing,855,15912,0,62842
2025-06-01 20:57:49.253950,Electronics,322,22942,0,72367
2025-06-01 20:57:49.253950,FoodCourt,1497,5911,0,103206
2025-06-01 20:57:49.253950,Shoes,571,25973,0,50560
2025-06-02 20:57:49.253949,Clothing,401,12030,0,46706
2025-06-02 20:57:49.253949,Electronics,523,8463,0,57099
2025-06-02 20:57:49.253949,FoodCourt,633,39840,0,121610
2025-06-02 20:57:49.253949,Shoes,667,38939,0,134450
2025-06-03 20:57:49.253947,Clothing,491,37959,0,68165
2025-06-03 20:57:49.253947,Electronics,429,31377,0,75835
2025-06-03 20:57:49.253947,FoodCourt,1189,3709,0,107297
2025-06-03 20:57:49.253947,Shoes,595,4309,0,36339
2025-06-04 20:57:49.253946,Clothing,1133,18539,1,127828
2025-06-04 20:57:49.253946,Electronics,407,19102,0,67975
2025-06-04 20:57:49.253946,FoodCourt,1243,24929,0,96845
2025-06-04 20:57:49.253946,Shoes,655,26223,0,151400
2025-06-05 20:57:49.253944,Clothing,1180,40306,0,167534
2025-06-05 20:57:49.253944,Electronics,271,39959,0,109137
2025-06-05 20:57:49.253944,FoodCourt,867,28543,0,145073
2025-06-05 20:57:49.253944,Shoes,780,14019,0,81337
2025-06-06 20:57:49.253942,Clothing,742,11512,0,78175
2025-06-06 20:57:49.253942,Electronics,555,37706,0,57790
2025-06-06 20:57:49.253942,FoodCourt,1667,34934,0,237111
2025-06-06 20:57:49.253942,Shoes,710,43741,0,206092
2025-06-07 20:57:49.253941,Clothing,555,39391,0,75392
2025-06-07 20:57:49.253941,Electronics,210,39994,0,78009
2025-06-07 20:57:49.253941,FoodCourt,830,31822,0,173875
2025-06-07 20:57:49.253941,Shoes,636,17623,0,78858
2025-06-08 20:57:49.253939,Clothing,843,28145,0,131049
2025-06-08 20:57:49.253939,Electronics,248,15216,0,55937
2025-06-08 20:57:49.253939,FoodCourt,902,38486,0,149147
2025-06-08 20:57:49.253939,Shoes,417,10848,1,75422
2025-06-09 20:57:49.253937,Clothing,880,30006,0,107416
2025-06-09 20:57:49.253937,Electronics,365,4924,0,36399
2025-06-09 20:57:49.253937,FoodCourt,1134,13075,1,126696
2025-06-09 20:57:49.253937,Shoes,761,28599,0,106911
2025-06-10 20:57:49.253935,Clothing,1031,43651,0,195474
2025-06-10 20:57:49.253935,Electronics,524,40946,0,162090
2025-06-10 20:57:49.253935,FoodCourt,1436,10923,0,177965
2025-06-10 20:57:49.253935,Shoes,624,19742,0,70244
2025-06-11 20:57:49.253934,Clothing,1139,36013,1,107200
2025-06-11 20:57:49.253934,Electronics,517,11747,0,58382
2025-06-11 20:57:49.253934,FoodCourt,730,27198,0,123391
2025-06-11 20:57:49.253934,Shoes,358,8777,0,64051
2025-06-12 20:57:49.253932,Clothing,572,43358,0,133215
2025-06-12 20:57:49.253932,Electronics,329,36644,0,118267
2025-06-12 20:57:49.253932,FoodCourt,1087,26182,0,170383
2025-06-12 20:57:49.253932,Shoes,768,31465,1,122117
2025-06-13 20:57:49.253930,Clothing,929,19784,0,79259
2025-06-13 20:57:49.253930,Electronics,340,14890,0,21789
2025-06-13 20:57:49.253930,FoodCourt,1578,21481,0,95902
2025-06-13 20:57:49.253930,Shoes,346,29971,1,101327
2025-06-14 20:57:49.253929,Clothing,884,32866,0,138138
2025-06-14 20:57:49.253929,Electronics,565,29518,0,139064
2025-06-14 20:57:49.253929,FoodCourt,1573,19820,0,120664
2025-06-14 20:57:49.253929,Shoes,398,23203,0,67441
2025-06-15 20:57:49.253927,Clothing,797,30474,0,110332
2025-06-15 20:57:49.253927,Electronics,487,36299,0,75221
2025-06-15 20:57:49.253927,FoodCourt,1034,19480,0,143057
2025-06-15 20:57:49.253927,Shoes,756,23598,0,142201
2025-06-16 20:57:49.253925,Clothing,567,48329,0,124297
2025-06-16 20:57:49.253925,Electronics,358,14489,0,25676
2025-06-16 20:57:49.253925,FoodCourt,1477,29015,0,131076
2025-06-16 20:57:49.253925,Shoes,455,6277,0,36324
2025-06-17 20:57:49.253924,Clothing,458,5489,0,27141
2025-06-17 20:57:49.253924,Electronics,391,4705,0,33694
2025-06-17 20:57:49.253924,FoodCourt,692,9410,0,39835
2025-06-17 20:57:49.253924,Shoes,817,47571,0,124913
2025-06-18 20:57:49.253922,Clothing,736,22136,0,117613
2025-06-18 20:57:49.253922,Electronics,243,38962,0,40198
2025-06-18 20:57:49.253922,FoodCourt,1642,48342,0,204030
2025-06-18 20:57:49.253922,Shoes,400,10914,0,61231
2025-06-19 20:57:49.253921,Clothing,560,19880,0,98659
2025-06-19 20:57:49.253921,Electronics,303,24338,0,90260
2025-06-19 20:57:49.253921,FoodCourt,742,49224,0,97561
2025-06-19 20:57:49.253921,Shoes,701,19110,0,80505
2025-06-20 20:57:49.253919,Clothing,1165,43654,0,123965
2025-06-20 20:57:49.253919,Electronics,586,2940,0,53848
2025-06-20 20:57:49.253919,FoodCourt,881,5751,0,98633
2025-06-20 20:57:49.253919,Shoes,828,28644,0,83087
2025-06-21 20:57:49.253917,Clothing,1035,41591,0,141724
2025-06-21 20:57:49.253917,Electronics,547,10076,0,46903
2025-06-21 20:57:49.253917,FoodCourt,1268,34620,0,111151
2025-06-21 20:57:49.253917,Shoes,747,12809,0,109398
2025-06-22 20:57:49.253916,Clothing,494,41031,0,56480
2025-06-22 20:57:49.253916,Electronics,510,26996,0,76460
2025-06-22 20:57:49.253916,FoodCourt,725,12544,1,66964
2025-06-22 20:57:49.253916,Shoes,843,16014,1,140508
2025-06-23 20:57:49.253914,Clothing,504,31598,0,86753
2025-06-23 20:57:49.253914,Electronics,325,24622,1,97934
2025-06-23 20:57:49.253914,FoodCourt,612,17678,0,91568
2025-06-23 20:57:49.253914,Shoes,435,47353,0,77994
2025-06-24 20:57:49.253913,Clothing,615,45878,0,100716
2025-06-24 20:57:49.253913,Electronics,221,6831,0,28365
2025-06-24 20:57:49.253913,FoodCourt,1630,11871,0,108520
2025-06-24 20:57:49.253913,Shoes,796,23087,0,87033
2025-06-25 20:57:49.253911,Clothing,801,17291,1,128022
2025-06-25 20:57:49.253911,Electronics,502,5973,0,36190
2025-06-25 20:57:49.253911,FoodCourt,1727,13399,0,205851
2025-06-25 20:57:49.253911,Shoes,759,10322,0,72308
2025-06-26 20:57:49.253910,Clothing,841,7503,0,61586
2025-06-26 20:57:49.253910,Electronics,357,19053,1,99460
2025-06-26 20:57:49.253910,FoodCourt,1039,28750,0,140432
2025-06-26 20:57:49.253910,Shoes,539,16246,0,69594
2025-06-27 20:57:49.253908,Clothing,452,24764,0,110436
2025-06-27 20:57:49.253908,Electronics,325,46708,0,153799
2025-06-27 20:57:49.253908,FoodCourt,624,34705,0,115294
2025-06-27 20:57:49.253908,Shoes,742,2694,0,71357
2025-06-28 20:57:49.253906,Clothing,770,18983,0,114745
2025-06-28 20:57:49.253906,Electronics,225,7244,1,38032
2025-06-28 20:57:49.253906,FoodCourt,657,13858,1,88598
2025-06-28 20:57:49.253906,Shoes,877,29284,0,159751
2025-06-29 20:57:49.253905,Clothing,1163,8793,0,70789
2025-06-29 20:57:49.253905,Electronics,519,2235,0,32958
2025-06-29 20:57:49.253905,FoodCourt,1626,22889,0,237935
2025-06-29 20:57:49.253905,Shoes,834,30697,0,132849
2025-06-30 20:57:49.253903,Clothing,408,5739,0,31276
2025-06-30 20:57:49.253903,Electronics,336,32979,0,109165
2025-06-30 20:57:49.253903,FoodCourt,1183,9439,0,121783
2025-06-30 20:57:49.253903,Shoes,657,8013,0,79993
2025-07-01 20:57:49.253901,Clothing,1100,31894,1,144680
2025-07-01 20:57:49.253901,Electronics,338,6910,0,42189
2025-07-01 20:57:49.253901,FoodCourt,1216,36369,0,156160
2025-07-01 20:57:49.253901,Shoes,393,8496,0,66415
2025-07-02 20:57:49.253897,Clothing,509,47445,0,187824
2025-07-02 20:57:49.253897,Electronics,365,4236,0,50592
2025-07-02 20:57:49.253897,FoodCourt,1208,8966,0,60216
2025-07-02 20:57:49.253897,Shoes,762,39655,0,125498
2025-07-03 20:57:49.253895,Clothing,891,46773,0,125376
2025-07-03 20:57:49.253895,Electronics,353,12002,0,62410
2025-07-03 20:57:49.253895,FoodCourt,773,36705,0,161732
2025-07-03 20:57:49.253895,Shoes,414,38279,1,142897
2025-07-04 20:57:49.253894,Clothing,928,14198,0,83695
2025-07-04 20:57:49.253894,Electronics,543,24294,0,118038
2025-07-04 20:57:49.253894,FoodCourt,842,31443,0,122832
2025-07-04 20:57:49.253894,Shoes,609,12071,0,82530
2025-07-05 20:57:49.253892,Clothing,765,48254,0,200470
2025-07-05 20:57:49.253892,Electronics,373,12579,0,50260
2025-07-05 20:57:49.253892,FoodCourt,905,25199,0,128032
2025-07-05 20:57:49.253892,Shoes,502,14999,0,51557
2025-07-06 20:57:49.253891,Clothing,1059,11051,0,45421
2025-07-06 20:57:49.253891,Electronics,339,23957,0,100229
2025-07-06 20:57:49.253891,FoodCourt,1125,42858,0,209448
2025-07-06 20:57:49.253891,Shoes,532,13280,1,66585
2025-07-07 20:57:49.253889,Clothing,599,22262,0,74318
2025-07-07 20:57:49.253889,Electronics,528,6189,0,48436
2025-07-07 20:57:49.253889,FoodCourt,644,46299,0,158319
2025-07-07 20:57:49.253889,Shoes,329,31224,0,64309
2025-07-08 20:57:49.253887,Clothing,749,36699,0,157839
2025-07-08 20:57:49.253887,Electronics,580,5095,0,41818
2025-07-08 20:57:49.253887,FoodCourt,1118,26723,0,107690
2025-07-08 20:57:49.253887,Shoes,496,30885,0,99851
2025-07-09 20:57:49.253886,Clothing,1135,8378,1,82433
2025-07-09 20:57:49.253886,Electronics,447,3659,0,55218
2025-07-09 20:57:49.253886,FoodCourt,1146,35314,1,195943
2025-07-09 20:57:49.253886,Shoes,597,29926,0,65892
2025-07-10 20:57:49.253884,Clothing,677,25118,0,121665
2025-07-10 20:57:49.253884,Electronics,467,39482,1,163503
2025-07-10 20:57:49.253884,FoodCourt,923,2681,0,73420
2025-07-10 20:57:49.253884,Shoes,519,14526,0,58257
2025-07-11 20:57:49.253883,Clothing,1125,9603,0,124342
2025-07-11 20:57:49.253883,Electronics,570,41623,0,88332
2025-07-11 20:57:49.253883,FoodCourt,601,6276,0,41546
2025-07-11 20:57:49.253883,Shoes,575,37967,0,175525
2025-07-12 20:57:49.253881,Clothing,998,43399,0,109581
2025-07-12 20:57:49.253881,Electronics,243,33058,0,77899
2025-07-12 20:57:49.253881,FoodCourt,715,37236,0,58472
2025-07-12 20:57:49.253881,Shoes,356,31021,0,49341
2025-07-13 20:57:49.253879,Clothing,1112,9996,0,117326
2025-07-13 20:57:49.253879,Electronics,324,23698,0,73652
2025-07-13 20:57:49.253879,FoodCourt,684,20667,0,87840
2025-07-13 20:57:49.253879,Shoes,739,42923,0,110249
2025-07-14 20:57:49.253878,Clothing,759,22766,0,75672
2025-07-14 20:57:49.253878,Electronics,448,47925,0,109062
2025-07-14 20:57:49.253878,FoodCourt,1025,23324,0,110212
2025-07-14 20:57:49.253878,Shoes,859,4913,0,47505
2025-07-15 20:57:49.253876,Clothing,963,34647,0,106778
2025-07-15 20:57:49.253876,Electronics,522,46331,0,175298
2025-07-15 20:57:49.253876,FoodCourt,804,10987,0,96178
2025-07-15 20:57:49.253876,Shoes,766,33143,0,149459
2025-07-16 20:57:49.253875,Clothing,882,14050,0,61502
2025-07-16 20:57:49.253875,Electronics,249,18787,0,47453
2025-07-16 20:57:49.253875,FoodCourt,1400,24196,0,113591
2025-07-16 20:57:49.253875,Shoes,635,14758,0,90013
2025-07-17 20:57:49.253873,Clothing,435,44038,0,132618
2025-07-17 20:57:49.253873,Electronics,336,12928,0,55449
2025-07-17 20:57:49.253873,FoodCourt,979,13644,0,101656
2025-07-17 20:57:49.253873,Shoes,616,20175,0,119372
2025-07-18 20:57:49.253871,Clothing,459,34537,0,81490
2025-07-18 20:57:49.253871,Electronics,314,23598,1,90315
2025-07-18 20:57:49.253871,FoodCourt,860,8779,0,35349
2025-07-18 20:57:49.253871,Shoes,826,24912,0,111367
2025-07-19 20:57:49.253870,Clothing,696,39489,0,69829
2025-07-19 20:57:49.253870,Electronics,293,19558,1,83447
2025-07-19 20:57:49.253870,FoodCourt,664,34693,0,124830
2025-07-19 20:57:49.253870,Shoes,842,21885,0,154551
2025-07-20 20:57:49.253868,Clothing,836,23038,0,133878
2025-07-20 20:57:49.253868,Electronics,335,42894,0,50348
2025-07-20 20:57:49.253868,FoodCourt,1044,24080,0,45042
2025-07-20 20:57:49.253868,Shoes,455,23389,0,105406
2025-07-21 20:57:49.253866,Clothing,1170,36391,0,132322
2025-07-21 20:57:49.253866,Electronics,371,36433,1,113071
2025-07-21 20:57:49.253866,FoodCourt,1045,34958,0,181539
2025-07-21 20:57:49.253866,Shoes,545,31015,0,88124
2025-07-22 20:57:49.253865,Clothing,930,30815,0,124480
2025-07-22 20:57:49.253865,Electronics,397,42090,1,97761
2025-07-22 20:57:49.253865,FoodCourt,1765,2096,0,97966
2025-07-22 20:57:49.253865,Shoes,529,7257,0,42510
2025-07-23 20:57:49.253863,Clothing,991,2701,0,114830
2025-07-23 20:57:49.253863,Electronics,419,10208,0,46286
2025-07-23 20:57:49.253863,FoodCourt,713,17591,0,66938
2025-07-23 20:57:49.253863,Shoes,369,21701,0,64532
2025-07-24 20:57:49.253861,Clothing,976,27910,0,108419
2025-07-24 20:57:49.253861,Electronics,505,27090,0,81982
2025-07-24 20:57:49.253861,FoodCourt,1092,38458,1,166875
2025-07-24 20:57:49.253861,Shoes,515,41703,0,134910
2025-07-25 20:57:49.253859,Clothing,966,42386,0,202316
2025-07-25 20:57:49.253859,Electronics,585,23181,0,119747
2025-07-25 20:57:49.253859,FoodCourt,1127,11879,0,71986
2025-07-25 20:57:49.253859,Shoes,881,24959,0,158580
2025-07-26 20:57:49.253858,Clothing,888,9755,0,44000
2025-07-26 20:57:49.253858,Electronics,400,9698,0,53286
2025-07-26 20:57:49.253858,FoodCourt,748,15906,0,107059
2025-07-26 20:57:49.253858,Shoes,849,16249,0,125610
2025-07-27 20:57:49.253856,Clothing,1023,22423,1,97636
2025-07-27 20:57:49.253856,Electronics,489,24433,0,104535
2025-07-27 20:57:49.253856,FoodCourt,1469,17096,0,180205
2025-07-27 20:57:49.253856,Shoes,887,48483,1,91326
2025-07-28 20:57:49.253855,Clothing,983,19365,0,82298
2025-07-28 20:57:49.253855,Electronics,599,8522,0,86607
2025-07-28 20:57:49.253855,FoodCourt,1129,5415,0,131502
2025-07-28 20:57:49.253855,Shoes,332,28557,0,107691
2025-07-29 20:57:49.253853,Clothing,997,33985,0,154736
2025-07-29 20:57:49.253853,Electronics,315,35487,0,94013
2025-07-29 20:57:49.253853,FoodCourt,1219,24183,0,116361
2025-07-29 20:57:49.253853,Shoes,393,35075,0,118779
2025-07-30 20:57:49.253851,Clothing,575,28324,0,85178
2025-07-30 20:57:49.253851,Electronics,260,3566,0,28697
2025-07-30 20:57:49.253851,FoodCourt,1368,29137,0,220252
2025-07-30 20:57:49.253851,Shoes,749,19775,0,127443
2025-07-31 20:57:49.253850,Clothing,570,12257,1,60709
2025-07-31 20:57:49.253850,Electronics,441,30971,0,114782
2025-07-31 20:57:49.253850,FoodCourt,1323,2007,0,109316
2025-07-31 20:57:49.253850,Shoes,776,45545,0,119752
2025-08-01 20:57:49.253848,Clothing,1081,45545,0,232981
2025-08-01 20:57:49.253848,Electronics,398,35636,1,105416
2025-08-01 20:57:49.253848,FoodCourt,1021,37387,0,160194
2025-08-01 20:57:49.253848,Shoes,832,23585,0,103995
2025-08-02 20:57:49.253847,Clothing,552,35108,0,78416
2025-08-02 20:57:49.253847,Electronics,535,14485,1,93110
2025-08-02 20:57:49.253847,FoodCourt,1352,48886,0,118084
2025-08-02 20:57:49.253847,Shoes,333,21403,0,54110
2025-08-03 20:57:49.253845,Clothing,710,23150,0,140766
2025-08-03 20:57:49.253845,Electronics,470,11687,0,31501
2025-08-03 20:57:49.253845,FoodCourt,1052,28273,0,136815
2025-08-03 20:57:49.253845,Shoes,882,19481,0,128264
2025-08-04 20:57:49.253843,Clothing,732,20922,0,115079
2025-08-04 20:57:49.253843,Electronics,496,24296,0,66255
2025-08-04 20:57:49.253843,FoodCourt,1140,34799,0,141920
2025-08-04 20:57:49.253843,Shoes,356,43122,0,158836
2025-08-05 20:57:49.253842,Clothing,962,20582,0,73086
2025-08-05 20:57:49.253842,Electronics,449,19069,1,82104
2025-08-05 20:57:49.253842,FoodCourt,625,29040,0,102715
2025-08-05 20:57:49.253842,Shoes,459,25356,0,124359
2025-08-06 20:57:49.253840,Clothing,421,29192,0,98951
2025-08-06 20:57:49.253840,Electronics,360,23568,0,53651
2025-08-06 20:57:49.253840,FoodCourt,1214,19169,0,79641
2025-08-06 20:57:49.253840,Shoes,685,12117,0,56393
2025-08-07 20:57:49.253838,Clothing,807,41191,0,128328
2025-08-07 20:57:49.253838,Electronics,591,22308,0,82123
2025-08-07 20:57:49.253838,FoodCourt,1172,8270,0,78483
2025-08-07 20:57:49.253838,Shoes,599,31431,0,120628
2025-08-08 20:57:49.253837,Clothing,711,39766,0,109415
2025-08-08 20:57:49.253837,Electronics,228,41525,0,107769
2025-08-08 20:57:49.253837,FoodCourt,1664,23766,0,138394
2025-08-08 20:57:49.253837,Shoes,750,44067,0,163365
2025-08-09 20:57:49.253835,Clothing,532,12870,0,52678
2025-08-09 20:57:49.253835,Electronics,597,45564,0,136637
2025-08-09 20:57:49.253835,FoodCourt,729,46001,0,72181
2025-08-09 20:57:49.253835,Shoes,329,44641,0,128867
2025-08-10 20:57:49.253821,Clothing,1022,25284,0,128124
2025-08-10 20:57:49.253821,Electronics,214,30092,0,29912
2025-08-10 20:57:49.253821,FoodCourt,1429,18786,0,178498
2025-08-10 20:57:49.253821,Shoes,701,47549,0,160618
2025-08-11 20:57:49.253819,Clothing,672,29918,0,56036
2025-08-11 20:57:49.253819,Electronics,533,30279,0,85363
2025-08-11 20:57:49.253819,FoodCourt,1446,2795,0,131340
2025-08-11 20:57:49.253819,Shoes,790,21574,0,42828
2025-08-12 20:57:49.253817,Clothing,423,45758,0,107615
2025-08-12 20:57:49.253817,Electronics,408,8304,0,36033
2025-08-12 20:57:49.253817,FoodCourt,869,31105,0,170553
2025-08-12 20:57:49.253817,Shoes,778,38009,0,72019
2025-08-13 20:57:49.253815,Clothing,846,8180,0,101220
2025-08-13 20:57:49.253815,Electronics,260,18791,0,27977
2025-08-13 20:57:49.253815,FoodCourt,1104,18618,0,149040
2025-08-13 20:57:49.253815,Shoes,666,16998,0,88707
2025-08-14 20:57:49.253813,Clothing,502,3294,0,48701
2025-08-14 20:57:49.253813,Electronics,598,4407,0,47714
2025-08-14 20:57:49.253813,FoodCourt,915,3236,0,104431
2025-08-14 20:57:49.253813,Shoes,439,38586,0,113895
2025-08-15 20:57:49.253811,Clothing,1130,6648,0,82357
2025-08-15 20:57:49.253811,Electronics,479,16919,0,69149
2025-08-15 20:57:49.253811,FoodCourt,652,44803,0,148293
2025-08-15 20:57:49.253811,Shoes,458,39652,0,133201
2025-08-16 20:57:49.253810,Clothing,1104,34216,0,104076
2025-08-16 20:57:49.253810,Electronics,528,29119,1,74887
2025-08-16 20:57:49.253810,FoodCourt,1730,6257,0,191462
2025-08-16 20:57:49.253810,Shoes,395,2660,0,41081
2025-08-17 20:57:49.253808,Clothing,1052,14874,0,104062
2025-08-17 20:57:49.253808,Electronics,200,6102,0,32414
2025-08-17 20:57:49.253808,FoodCourt,1217,40065,1,149995
2025-08-17 20:57:49.253808,Shoes,645,36517,1,133777
2025-08-18 20:57:49.253807,Clothing,882,39580,0,102563
2025-08-18 20:57:49.253807,Electronics,536,38597,0,157215
2025-08-18 20:57:49.253807,FoodCourt,1407,28107,0,199009
2025-08-18 20:57:49.253807,Shoes,525,18713,0,58861
2025-08-19 20:57:49.253805,Clothing,932,27580,0,130183
2025-08-19 20:57:49.253805,Electronics,589,9838,0,80581
2025-08-19 20:57:49.253805,FoodCourt,786,21144,0,79235
2025-08-19 20:57:49.253805,Shoes,848,25156,0,82485
2025-08-20 20:57:49.253803,Clothing,707,22471,0,76630
2025-08-20 20:57:49.253803,Electronics,461,46116,0,119015
2025-08-20 20:57:49.253803,FoodCourt,607,41627,0,132047
2025-08-20 20:57:49.253803,Shoes,793,8578,1,80575
2025-08-21 20:57:49.253801,Clothing,1081,15543,0,83270
2025-08-21 20:57:49.253801,Electronics,429,26850,0,103268
2025-08-21 20:57:49.253801,FoodCourt,785,47445,0,100316
2025-08-21 20:57:49.253801,Shoes,759,16566,0,81683
2025-08-22 20:57:49.253800,Clothing,1016,36357,0,160522
2025-08-22 20:57:49.253800,Electronics,516,26659,0,71228
2025-08-22 20:57:49.253800,FoodCourt,908,49155,0,104463
2025-08-22 20:57:49.253800,Shoes,746,33921,0,67668
2025-08-23 20:57:49.253798,Clothing,699,34742,0,152851
2025-08-23 20:57:49.253798,Electronics,388,15589,0,57472
2025-08-23 20:57:49.253798,FoodCourt,759,29180,0,100566
2025-08-23 20:57:49.253798,Shoes,510,19768,0,79087
2025-08-24 20:57:49.253796,Clothing,497,24598,0,105985
2025-08-24 20:57:49.253796,Electronics,506,24515,1,98539
2025-08-24 20:57:49.253796,FoodCourt,1248,42479,0,175952
2025-08-24 20:57:49.253796,Shoes,319,20487,0,54997
2025-08-25 20:57:49.253795,Clothing,994,27304,1,107918
2025-08-25 20:57:49.253795,Electronics,386,21069,1,85489
2025-08-25 20:57:49.253795,FoodCourt,1456,9143,0,56151
2025-08-25 20:57:49.253795,Shoes,582,44679,0,80217
2025-08-26 20:57:49.253793,Clothing,619,25454,0,51476
2025-08-26 20:57:49.253793,Electronics,270,36429,1,103970
2025-08-26 20:57:49.253793,FoodCourt,1393,7272,0,154126
2025-08-26 20:57:49.253793,Shoes,370,36773,1,122147
2025-08-27 20:57:49.253791,Clothing,900,11701,1,96832
2025-08-27 20:57:49.253791,Electronics,522,47843,0,71002
2025-08-27 20:57:49.253791,FoodCourt,1740,34619,0,207501
2025-08-27 20:57:49.253791,Shoes,762,49311,0,174628
2025-08-28 20:57:49.253789,Clothing,715,13303,1,94808
2025-08-28 20:57:49.253789,Electronics,454,15565,1,98671
2025-08-28 20:57:49.253789,FoodCourt,1051,17238,0,99757
2025-08-28 20:57:49.253789,Shoes,433,21614,0,91717
2025-08-29 20:57:49.253787,Clothing,462,13939,0,73187
2025-08-29 20:57:49.253787,Electronics,446,22635,0,83435
2025-08-29 20:57:49.253787,FoodCourt,1137,9605,0,116110
2025-08-29 20:57:49.253787,Shoes,533,10355,0,44306
2025-08-30 20:57:49.253785,Clothing,1127,46513,0,125600
2025-08-30 20:57:49.253785,Electronics,576,36095,0,152294
2025-08-30 20:57:49.253785,FoodCourt,870,8074,0,54881
2025-08-30 20:57:49.253785,Shoes,752,29133,0,128063
2025-08-31 20:57:49.253784,Clothing,748,31965,0,96713
2025-08-31 20:57:49.253784,Electronics,427,23054,0,53277
2025-08-31 20:57:49.253784,FoodCourt,974,18609,0,88682
2025-08-31 20:57:49.253784,Shoes,476,47628,0,160311
2025-09-01 20:57:49.253782,Clothing,478,46073,0,106953
2025-09-01 20:57:49.253782,Electronics,400,46796,1,79787
2025-09-01 20:57:49.253782,FoodCourt,1792,22710,0,239238
2025-09-01 20:57:49.253782,Shoes,388,15188,0,47102
2025-09-02 20:57:49.253780,Clothing,531,28901,1,85572
2025-09-02 20:57:49.253780,Electronics,281,40045,0,92498
2025-09-02 20:57:49.253780,FoodCourt,1042,24920,0,125336
2025-09-02 20:57:49.253780,Shoes,614,14476,0,49435
2025-09-03 20:57:49.253779,Clothing,987,40619,0,223987
2025-09-03 20:57:49.253779,Electronics,439,22659,0,86484
2025-09-03 20:57:49.253779,FoodCourt,993,25536,0,117192
2025-09-03 20:57:49.253779,Shoes,665,33881,0,118841
2025-09-04 20:57:49.253777,Clothing,634,5713,0,46124
2025-09-04 20:57:49.253777,Electronics,299,30134,0,49887
2025-09-04 20:57:49.253777,FoodCourt,614,31168,0,89608
2025-09-04 20:57:49.253777,Shoes,650,47383,0,81185
2025-09-05 20:57:49.253775,Clothing,513,16347,0,38895
2025-09-05 20:57:49.253775,Electronics,542,45558,0,186361
2025-09-05 20:57:49.253775,FoodCourt,1177,6826,0,129615
2025-09-05 20:57:49.253775,Shoes,492,17739,0,102527
2025-09-06 20:57:49.253773,Clothing,415,29003,0,124857
2025-09-06 20:57:49.253773,Electronics,265,40249,0,57492
2025-09-06 20:57:49.253773,FoodCourt,944,24261,0,112383
2025-09-06 20:57:49.253773,Shoes,783,28209,0,90615
2025-09-07 20:57:49.253772,Clothing,765,43802,0,105231
2025-09-07 20:57:49.253772,Electronics,540,34635,0,92215
2025-09-07 20:57:49.253772,FoodCourt,964,17851,0,61850
2025-09-07 20:57:49.253772,Shoes,844,43767,0,129098
2025-09-08 20:57:49.253770,Clothing,580,16633,0,87152
2025-09-08 20:57:49.253770,Electronics,308,16505,0,29883
2025-09-08 20:57:49.253770,FoodCourt,1260,16891,0,64227
2025-09-08 20:57:49.253770,Shoes,839,9298,0,83208
2025-09-09 20:57:49.253768,Clothing,672,27120,1,149330
2025-09-09 20:57:49.253768,Electronics,291,6832,0,15192
2025-09-09 20:57:49.253768,FoodCourt,624,18745,0,65407
2025-09-09 20:57:49.253768,Shoes,335,20404,0,70508
2025-09-10 20:57:49.253767,Clothing,1135,19985,0,150893
2025-09-10 20:57:49.253767,Electronics,387,28750,0,107380
2025-09-10 20:57:49.253767,FoodCourt,1035,40034,0,188850
2025-09-10 20:57:49.253767,Shoes,566,16128,0,94108
2025-09-11 20:57:49.253765,Clothing,783,18167,0,93083
2025-09-11 20:57:49.253765,Electronics,503,7197,0,32051
2025-09-11 20:57:49.253765,FoodCourt,971,2074,0,54105
2025-09-11 20:57:49.253765,Shoes,889,15155,0,58847
2025-09-12 20:57:49.253764,Clothing,1052,21192,0,81473
2025-09-12 20:57:49.253764,Electronics,474,39111,1,109602
2025-09-12 20:57:49.253764,FoodCourt,629,14342,0,66506
2025-09-12 20:57:49.253764,Shoes,675,45743,0,157642
2025-09-13 20:57:49.253761,Clothing,714,26402,0,47686
2025-09-13 20:57:49.253761,Electronics,277,31401,0,48065
2025-09-13 20:57:49.253761,FoodCourt,880,32732,0,136947
2025-09-13 20:57:49.253761,Shoes,507,27002,0,73306
2025-09-14 20:57:49.253759,Clothing,677,38359,0,76171
2025-09-14 20:57:49.253759,Electronics,402,7598,0,38801
2025-09-14 20:57:49.253759,FoodCourt,1232,14440,0,164103
2025-09-14 20:57:49.253759,Shoes,890,8951,0,74683
2025-09-15 20:57:49.253757,Clothing,1116,35664,0,130830
2025-09-15 20:57:49.253757,Electronics,325,9832,0,31141
2025-09-15 20:57:49.253757,FoodCourt,1585,25289,0,153318
2025-09-15 20:57:49.253757,Shoes,377,48663,0,164446
2025-09-16 20:57:49.253755,Clothing,448,33634,0,147267
2025-09-16 20:57:49.253755,Electronics,586,23739,1,129713
2025-09-16 20:57:49.253755,FoodCourt,983,31770,0,187729
2025-09-16 20:57:49.253755,Shoes,306,24872,0,83294
2025-09-17 20:57:49.253754,Clothing,437,13865,0,64048
2025-09-17 20:57:49.253754,Electronics,242,29862,0,41097
2025-09-17 20:57:49.253754,FoodCourt,1274,15377,0,69231
2025-09-17 20:57:49.253754,Shoes,736,24734,0,94092
2025-09-18 20:57:49.253752,Clothing,908,34586,0,106849
2025-09-18 20:57:49.253752,Electronics,428,47821,0,99040
2025-09-18 20:57:49.253752,FoodCourt,1415,12608,0,118494
2025-09-18 20:57:49.253752,Shoes,717,10771,0,92974
2025-09-19 20:57:49.253751,Clothing,730,37830,0,134511
2025-09-19 20:57:49.253751,Electronics,443,4204,0,28028
2025-09-19 20:57:49.253751,FoodCourt,708,5649,0,32136
2025-09-19 20:57:49.253751,Shoes,852,2151,0,61513
2025-09-20 20:57:49.253749,Clothing,1103,11471,0,76285
2025-09-20 20:57:49.253749,Electronics,289,27480,1,117827
2025-09-20 20:57:49.253749,FoodCourt,1532,16848,0,82190
2025-09-20 20:57:49.253749,Shoes,668,29457,0,152155
2025-09-21 20:57:49.253747,Clothing,1028,2760,0,105209
2025-09-21 20:57:49.253747,Electronics,461,31783,1,127457
2025-09-21 20:57:49.253747,FoodCourt,1469,49543,0,196049
2025-09-21 20:57:49.253747,Shoes,300,49915,0,43561
2025-09-22 20:57:49.253745,Clothing,415,24413,0,62664
2025-09-22 20:57:49.253745,Electronics,239,12958,0,42164
2025-09-22 20:57:49.253745,FoodCourt,969,7129,0,60507
2025-09-22 20:57:49.253745,Shoes,431,38871,0,77525
2025-09-23 20:57:49.253744,Clothing,905,2612,0,67654
2025-09-23 20:57:49.253744,Electronics,541,28311,0,94435
2025-09-23 20:57:49.253744,FoodCourt,1724,46566,0,213968
2025-09-23 20:57:49.253744,Shoes,431,42774,0,66567
2025-09-24 20:57:49.253742,Clothing,649,12160,0,73734
2025-09-24 20:57:49.253742,Electronics,438,47471,0,101864
2025-09-24 20:57:49.253742,FoodCourt,1029,25841,0,107608
2025-09-24 20:57:49.253742,Shoes,520,18985,0,67647
2025-09-25 20:57:49.253733,Clothing,659,15724,0,61733
2025-09-25 20:57:49.253733,Electronics,471,47508,0,117339
2025-09-25 20:57:49.253733,FoodCourt,1232,20059,0,142767
2025-09-25 20:57:49.253733,Shoes,384,7597,0,31795
2025-09-26 20:57:49.253731,Clothing,637,3943,0,81530
2025-09-26 20:57:49.253731,Electronics,415,8168,0,23789
2025-09-26 20:57:49.253731,FoodCourt,710,33325,1,98867
2025-09-26 20:57:49.253731,Shoes,346,2015,0,21867
2025-09-27 20:57:49.253730,Clothing,452,8037,0,38303
2025-09-27 20:57:49.253730,Electronics,374,40447,0,62338
2025-09-27 20:57:49.253730,FoodCourt,1168,30816,0,171223
2025-09-27 20:57:49.253730,Shoes,558,3266,0,63611
2025-09-28 20:57:49.253728,Clothing,737,11271,0,46169
2025-09-28 20:57:49.253728,Electronics,404,30461,0,82843
2025-09-28 20:57:49.253728,FoodCourt,1713,21228,0,153521
2025-09-28 20:57:49.253728,Shoes,642,28083,0,86607
2025-09-29 20:57:49.253726,Clothing,524,34849,0,101796
2025-09-29 20:57:49.253726,Electronics,428,25621,1,79859
2025-09-29 20:57:49.253726,FoodCourt,928,40713,0,157733
2025-09-29 20:57:49.253726,Shoes,471,21898,0,73731
2025-09-30 20:57:49.253725,Clothing,773,37992,0,122449
2025-09-30 20:57:49.253725,Electronics,448,40846,0,42963
2025-09-30 20:57:49.253725,FoodCourt,1745,42312,0,106035
2025-09-30 20:57:49.253725,Shoes,848,12087,1,67453
2025-10-01 20:57:49.253723,Clothing,781,30608,0,168004
2025-10-01 20:57:49.253723,Electronics,551,46650,0,68956
2025-10-01 20:57:49.253723,FoodCourt,1788,21599,0,125717
2025-10-01 20:57:49.253723,Shoes,601,14141,0,38403
2025-10-02 20:57:49.253721,Clothing,573,2161,0,30868
2025-10-02 20:57:49.253721,Electronics,273,23530,0,53231
2025-10-02 20:57:49.253721,FoodCourt,1734,28933,1,159801
2025-10-02 20:57:49.253721,Shoes,519,23704,0,111291
2025-10-03 20:57:49.253720,Clothing,883,43625,0,153161
2025-10-03 20:57:49.253720,Electronics,283,25356,0,76978
2025-10-03 20:57:49.253720,FoodCourt,1451,48982,0,151355
2025-10-03 20:57:49.253720,Shoes,469,41374,0,99878
2025-10-04 20:57:49.253718,Clothing,934,17604,0,112850
2025-10-04 20:57:49.253718,Electronics,453,14628,0,38855
2025-10-04 20:57:49.253718,FoodCourt,1648,46656,0,192569
2025-10-04 20:57:49.253718,Shoes,344,37111,1,75866
2025-10-05 20:57:49.253716,Clothing,965,41958,0,120170
2025-10-05 20:57:49.253716,Electronics,205,4365,0,31095
2025-10-05 20:57:49.253716,FoodCourt,745,14826,0,94080
2025-10-05 20:57:49.253716,Shoes,341,26715,0,69696
2025-10-06 20:57:49.253714,Clothing,636,12804,0,55906
2025-10-06 20:57:49.253714,Electronics,596,22706,0,98593
2025-10-06 20:57:49.253714,FoodCourt,1499,10726,0,163053
2025-10-06 20:57:49.253714,Shoes,632,5523,0,53185
2025-10-07 20:57:49.253712,Clothing,787,38910,0,186948
2025-10-07 20:57:49.253712,Electronics,472,22169,0,99859
2025-10-07 20:57:49.253712,FoodCourt,764,5075,0,51937
2025-10-07 20:57:49.253712,Shoes,669,13986,0,74037
2025-10-08 20:57:49.253711,Clothing,539,21797,1,120367
2025-10-08 20:57:49.253711,Electronics,378,23050,0,63836
2025-10-08 20:57:49.253711,FoodCourt,1600,42077,0,207801
2025-10-08 20:57:49.253711,Shoes,388,17317,0,40267
2025-10-09 20:57:49.253709,Clothing,1174,24265,1,200150
2025-10-09 20:57:49.253709,Electronics,331,12835,0,63455
2025-10-09 20:57:49.253709,FoodCourt,1421,29803,0,235704
2025-10-09 20:57:49.253709,Shoes,439,19913,0,51546
2025-10-10 20:57:49.253707,Clothing,1126,47951,1,173865
2025-10-10 20:57:49.253707,Electronics,276,25124,0,30495
2025-10-10 20:57:49.253707,FoodCourt,1797,20037,0,260690
2025-10-10 20:57:49.253707,Shoes,553,10198,0,44624
2025-10-11 20:57:49.253706,Clothing,716,14598,0,91361
2025-10-11 20:57:49.253706,Electronics,321,25863,0,36777
2025-10-11 20:57:49.253706,FoodCourt,1247,32545,0,145862
2025-10-11 20:57:49.253706,Shoes,568,44633,0,92562
2025-10-12 20:57:49.253685,Clothing,1104,25713,0,114110
2025-10-12 20:57:49.253685,Electronics,448,33635,0,133463
2025-10-12 20:57:49.253685,FoodCourt,752,23793,0,117950
2025-10-12 20:57:49.253685,Shoes,860,38275,0,116874
2025-10-13 20:57:49.253684,Clothing,943,20569,0,78751
2025-10-13 20:57:49.253684,Electronics,428,40999,0,97226
2025-10-13 20:57:49.253684,FoodCourt,1191,48455,0,240036
2025-10-13 20:57:49.253684,Shoes,472,5495,0,50840
2025-10-14 20:57:49.253682,Clothing,548,25372,0,107509
2025-10-14 20:57:49.253682,Electronics,466,10318,0,71740
2025-10-14 20:57:49.253682,FoodCourt,1584,31496,0,228703
2025-10-14 20:57:49.253682,Shoes,548,4990,0,69060
2025-10-15 20:57:49.253681,Clothing,735,33503,0,115659
2025-10-15 20:57:49.253681,Electronics,225,24903,0,43948
2025-10-15 20:57:49.253681,FoodCourt,1264,5727,0,151245
2025-10-15 20:57:49.253681,Shoes,411,30850,0,77775
2025-10-16 20:57:49.253679,Clothing,1089,11175,1,177715
2025-10-16 20:57:49.253679,Electronics,301,24688,1,96020
2025-10-16 20:57:49.253679,FoodCourt,1574,10000,0,157246
2025-10-16 20:57:49.253679,Shoes,712,24206,0,69838
2025-10-17 20:57:49.253677,Clothing,730,17389,0,96579
2025-10-17 20:57:49.253677,Electronics,251,20698,0,43699
2025-10-17 20:57:49.253677,FoodCourt,1646,36897,0,224671
2025-10-17 20:57:49.253677,Shoes,533,4212,0,42853
2025-10-18 20:57:49.253663,Clothing,809,5368,0,64697
2025-10-18 20:57:49.253663,Electronics,593,29002,0,142477
2025-10-18 20:57:49.253663,FoodCourt,1701,4765,0,125304
2025-10-18 20:57:49.253663,Shoes,888,17074,0,126372
2025-10-19 20:57:49.253661,Clothing,1144,42787,0,139488
2025-10-19 20:57:49.253661,Electronics,357,18653,0,64996
2025-10-19 20:57:49.253661,FoodCourt,1555,27945,0,221855
2025-10-19 20:57:49.253661,Shoes,675,13214,0,112542
2025-10-20 20:57:49.253659,Clothing,924,8649,1,71687
2025-10-20 20:57:49.253659,Electronics,533,20772,0,58438
2025-10-20 20:57:49.253659,FoodCourt,796,32700,0,119691
2025-10-20 20:57:49.253659,Shoes,305,40325,0,87008
2025-10-21 20:57:49.253658,Clothing,572,27591,0,104988
2025-10-21 20:57:49.253658,Electronics,432,34897,0,98036
2025-10-21 20:57:49.253658,FoodCourt,1261,20137,0,117323
2025-10-21 20:57:49.253658,Shoes,737,38124,0,124826
2025-10-22 20:57:49.253656,Clothing,1096,47993,1,278698
2025-10-22 20:57:49.253656,Electronics,334,48801,0,129733
2025-10-22 20:57:49.253656,FoodCourt,737,20939,0,106328
2025-10-22 20:57:49.253656,Shoes,400,7445,0,54921
2025-10-23 20:57:49.253641,Clothing,936,38692,0,97930
2025-10-23 20:57:49.253641,Electronics,570,15071,0,46018
2025-10-23 20:57:49.253641,FoodCourt,1105,39452,0,198362
2025-10-23 20:57:49.253641,Shoes,738,23953,0,112838
2025-10-24 20:57:49.253639,Clothing,1107,4204,0,79124
2025-10-24 20:57:49.253639,Electronics,560,43562,0,104286
2025-10-24 20:57:49.253639,FoodCourt,885,38377,1,218085
2025-10-24 20:57:49.253639,Shoes,820,13311,0,64265
2025-10-25 20:57:49.253637,Clothing,921,23889,0,68413
2025-10-25 20:57:49.253637,Electronics,537,37851,0,129097
2025-10-25 20:57:49.253637,FoodCourt,1505,48961,0,204073
2025-10-25 20:57:49.253637,Shoes,737,35401,0,91866
2025-10-26 20:57:49.253636,Clothing,508,42296,0,100167
2025-10-26 20:57:49.253636,Electronics,275,48802,0,91733
2025-10-26 20:57:49.253636,FoodCourt,1251,8167,0,129941
2025-10-26 20:57:49.253636,Shoes,745,8566,0,103554
2025-10-27 20:57:49.253634,Clothing,563,43127,0,162915
2025-10-27 20:57:49.253634,Electronics,583,29259,0,70045
2025-10-27 20:57:49.253634,FoodCourt,1037,18159,0,46218
2025-10-27 20:57:49.253634,Shoes,511,36034,0,91413
2025-10-28 20:57:49.253632,Clothing,817,22504,0,109649
2025-10-28 20:57:49.253632,Electronics,469,16490,0,33655
2025-10-28 20:57:49.253632,FoodCourt,1139,32369,0,140443
2025-10-28 20:57:49.253632,Shoes,510,33729,0,95913
2025-10-29 20:57:49.253630,Clothing,680,12932,0,54992
2025-10-29 20:57:49.253630,Electronics,424,11547,1,68244
2025-10-29 20:57:49.253630,FoodCourt,1581,25786,0,228997
2025-10-29 20:57:49.253630,Shoes,713,3190,0,78132
2025-10-30 20:57:49.253629,Clothing,987,8822,0,87841
2025-10-30 20:57:49.253629,Electronics,568,41623,0,152082
2025-10-30 20:57:49.253629,FoodCourt,1523,2931,1,108756
2025-10-30 20:57:49.253629,Shoes,515,24977,0,55598
2025-10-31 20:57:49.253627,Clothing,440,47958,0,92835
2025-10-31 20:57:49.253627,Electronics,427,34499,0,110405
2025-10-31 20:57:49.253627,FoodCourt,1343,46309,0,164246
2025-10-31 20:57:49.253627,Shoes,388,5944,0,24504
2025-11-01 20:57:49.253625,Clothing,910,28653,0,125572
2025-11-01 20:57:49.253625,Electronics,437,7770,0,23321
2025-11-01 20:57:49.253625,FoodCourt,620,44879,0,107166
2025-11-01 20:57:49.253625,Shoes,433,30876,1,77548
2025-11-02 20:57:49.253623,Clothing,1105,6795,0,74891
2025-11-02 20:57:49.253623,Electronics,501,42659,0,61536
2025-11-02 20:57:49.253623,FoodCourt,1530,32935,0,90590
2025-11-02 20:57:49.253623,Shoes,532,26683,0,96537
2025-11-03 20:57:49.253622,Clothing,407,20268,0,59314
2025-11-03 20:57:49.253622,Electronics,473,6897,0,62085
2025-11-03 20:57:49.253622,FoodCourt,1149,16884,0,92808
2025-11-03 20:57:49.253622,Shoes,591,38026,0,99617
2025-11-04 20:57:49.253620,Clothing,763,7468,0,49046
2025-11-04 20:57:49.253620,Electronics,288,23900,0,52502
2025-11-04 20:57:49.253620,FoodCourt,1540,41712,0,232169
2025-11-04 20:57:49.253620,Shoes,808,13157,0,103719
2025-11-05 20:57:49.253618,Clothing,829,26359,0,144052
2025-11-05 20:57:49.253618,Electronics,226,24478,0,64213
2025-11-05 20:57:49.253618,FoodCourt,1562,44252,0,208945
2025-11-05 20:57:49.253618,Shoes,801,40138,0,169799
2025-11-06 20:57:49.253616,Clothing,799,34002,0,101642
2025-11-06 20:57:49.253616,Electronics,428,6882,1,42985
2025-11-06 20:57:49.253616,FoodCourt,691,38644,0,135834
2025-11-06 20:57:49.253616,Shoes,805,7996,0,40867
2025-11-07 20:57:49.253614,Clothing,873,38044,0,198344
2025-11-07 20:57:49.253614,Electronics,325,33952,0,90722
2025-11-07 20:57:49.253614,FoodCourt,1242,22236,0,145506
2025-11-07 20:57:49.253614,Shoes,834,30155,0,90301
2025-11-08 20:57:49.253613,Clothing,631,2943,0,71771
2025-11-08 20:57:49.253613,Electronics,213,9758,0,25033
2025-11-08 20:57:49.253613,FoodCourt,1445,25638,0,156695
2025-11-08 20:57:49.253613,Shoes,600,45571,1,182903
2025-11-09 20:57:49.253611,Clothing,1023,41993,0,104279
2025-11-09 20:57:49.253611,Electronics,450,6571,1,36887
2025-11-09 20:57:49.253611,FoodCourt,1173,8911,0,98994
2025-11-09 20:57:49.253611,Shoes,827,15464,0,88401
2025-11-10 20:57:49.253609,Clothing,440,27939,0,51994
2025-11-10 20:57:49.253609,Electronics,383,17032,1,68643
2025-11-10 20:57:49.253609,FoodCourt,810,18982,0,60352
2025-11-10 20:57:49.253609,Shoes,850,47843,0,182530
2025-11-11 20:57:49.253608,Clothing,1128,3590,0,105824
2025-11-11 20:57:49.253608,Electronics,345,37033,0,124221
2025-11-11 20:57:49.253608,FoodCourt,1060,23850,0,141147
2025-11-11 20:57:49.253608,Shoes,576,28275,0,61383
2025-11-12 20:57:49.253605,Clothing,508,23861,0,29842
2025-11-12 20:57:49.253605,Electronics,401,19536,0,58992
2025-11-12 20:57:49.253605,FoodCourt,1207,19819,0,147076
2025-11-12 20:57:49.253605,Shoes,514,40668,0,129615
2025-11-13 20:57:49.253604,Clothing,895,49439,0,160852
2025-11-13 20:57:49.253604,Electronics,345,39121,0,105972
2025-11-13 20:57:49.253604,FoodCourt,1201,38653,0,157369
2025-11-13 20:57:49.253604,Shoes,502,47191,0,81527
2025-11-14 20:57:49.253602,Clothing,1198,27554,0,106864
2025-11-14 20:57:49.253602,Electronics,383,11370,0,39895
2025-11-14 20:57:49.253602,FoodCourt,1563,6647,0,108285
2025-11-14 20:57:49.253602,Shoes,446,39660,0,114039
2025-11-15 20:57:49.253600,Clothing,910,40554,0,59257
2025-11-15 20:57:49.253600,Electronics,304,38056,1,84651
2025-11-15 20:57:49.253600,FoodCourt,1555,13557,0,179374
2025-11-15 20:57:49.253600,Shoes,677,31245,0,109759
2025-11-16 20:57:49.253598,Clothing,1031,39862,0,140768
2025-11-16 20:57:49.253598,Electronics,467,48649,1,71496
2025-11-16 20:57:49.253598,FoodCourt,1127,37780,0,67650
2025-11-16 20:57:49.253598,Shoes,817,18139,0,119319
2025-11-17 20:57:49.253596,Clothing,1081,27209,1,164832
2025-11-17 20:57:49.253596,Electronics,539,40473,0,166841
2025-11-17 20:57:49.253596,FoodCourt,1139,6579,0,85860
2025-11-17 20:57:49.253596,Shoes,839,24344,0,167989
2025-11-18 20:57:49.253594,Clothing,1195,15575,0,104493
2025-11-18 20:57:49.253594,Electronics,369,32024,0,86703
2025-11-18 20:57:49.253594,FoodCourt,1283,16191,0,154483
2025-11-18 20:57:49.253594,Shoes,638,10881,0,82719
2025-11-19 20:57:49.253592,Clothing,741,13568,0,44008
2025-11-19 20:57:49.253592,Electronics,476,11386,0,32955
2025-11-19 20:57:49.253592,FoodCourt,1457,24794,1,178650
2025-11-19 20:57:49.253592,Shoes,474,46232,0,152508
2025-11-20 20:57:49.253572,Clothing,496,8478,0,61086
2025-11-20 20:57:49.253572,Electronics,281,25686,0,46747
2025-11-20 20:57:49.253572,FoodCourt,1322,34920,0,177595
2025-11-20 20:57:49.253572,Shoes,729,8473,0,85410
2025-11-21 20:57:49.253570,Clothing,602,21647,0,87470
2025-11-21 20:57:49.253570,Electronics,468,29518,0,72544
2025-11-21 20:57:49.253570,FoodCourt,1414,47962,0,191779
2025-11-21 20:57:49.253570,Shoes,623,28155,0,127526
2025-11-22 20:57:49.253568,Clothing,954,3409,0,117085
2025-11-22 20:57:49.253568,Electronics,496,5034,0,51741
2025-11-22 20:57:49.253568,FoodCourt,1566,24383,1,178797
2025-11-22 20:57:49.253568,Shoes,595,25963,0,85442
2025-11-23 20:57:49.253566,Clothing,833,19521,0,122917
2025-11-23 20:57:49.253566,Electronics,510,29130,0,40884
2025-11-23 20:57:49.253566,FoodCourt,1685,32204,0,178638
2025-11-23 20:57:49.253566,Shoes,301,7905,0,38175
2025-11-24 20:57:49.253564,Clothing,839,32225,0,107538
2025-11-24 20:57:49.253564,Electronics,356,33004,0,76697
2025-11-24 20:57:49.253564,FoodCourt,707,21541,0,105792
2025-11-24 20:57:49.253564,Shoes,771,40399,0,125491
2025-11-25 20:57:49.253562,Clothing,973,43758,0,109105
2025-11-25 20:57:49.253562,Electronics,463,24030,0,89555
2025-11-25 20:57:49.253562,FoodCourt,1724,28040,1,222273
2025-11-25 20:57:49.253562,Shoes,773,2770,0,36820
2025-11-26 20:57:49.253560,Clothing,1041,8707,0,105346
2025-11-26 20:57:49.253560,Electronics,457,43457,0,92014
2025-11-26 20:57:49.253560,FoodCourt,1019,40703,0,141644
2025-11-26 20:57:49.253560,Shoes,884,27805,1,148250
2025-11-27 20:57:49.253556,Clothing,797,42172,0,143258
2025-11-27 20:57:49.253556,Electronics,404,23982,0,80852
2025-11-27 20:57:49.253556,FoodCourt,1583,19116,0,102845
2025-11-27 20:57:49.253556,Shoes,583,14959,0,40045
2025-11-28 20:57:49.253532,Clothing,485,5671,0,37532
2025-11-28 20:57:49.253532,Electronics,477,33945,0,67390
2025-11-28 20:57:49.253532,FoodCourt,699,47498,0,139398
2025-11-28 20:57:49.253532,Shoes,454,34815,0,86429
